,gufi,departure_aerodrome_icao_name,arrival_aerodrome_icao_name,arrival_stand_actual_time,arrival_stand_scheduled_time,carrier
0,AAL341.JFK.LAX.230222.2030.0191.TFM,KJFK,KLAX,2023-02-24 03:25:00,2023-02-24 02:55:00,AAL
1,AAL1445.LGA.DFW.230222.2255.0164.TFM,KLGA,KDFW,2023-02-24 03:16:00,2023-02-24 03:24:00,AAL
2,AAL2527.BOS.DFW.230222.1035.0039.TFM,KBOS,KDFW,2023-02-23 16:31:00,2023-02-23 15:07:00,AAL
3,AAL1992.DFW.SEA.230222.1825.0037.TFM,KDFW,KSEA,2023-02-23 22:38:00,2023-02-23 22:50:00,AAL
4,AAL2769.SEA.DFW.230222.2200.0226.TFM,KSEA,KDFW,2023-02-24 01:52:00,2023-02-24 01:52:00,AAL
5,AAL1754.DFW.JFK.230222.2050.0157.TFM,KDFW,KJFK,2023-02-24 00:02:00,2023-02-24 00:15:00,AAL
6,AAL1720.DFW.LGA.230222.1950.0046.TFM,KDFW,KLGA,2023-02-23 23:08:00,2023-02-23 23:00:00,AAL
7,AAL2999.DFW.DCA.230222.2130.0241.TFM,KDFW,KDCA,2023-02-24 00:17:00,2023-02-24 00:15:00,AAL
8,AAL2159.BOS.DCA.230222.1100.0267.TFM,KBOS,KDCA,2023-02-23 13:59:00,2023-02-23 12:52:00,AAL
9,AAL1561.EWR.DFW.230222.1305.0138.TFM,KEWR,KDFW,2023-02-23 17:13:00,2023-02-23 17:07:00,AAL
10,AAL1.JFK.LAX.230222.1230.0155.TFM,KJFK,KLAX,2023-02-23 19:34:00,2023-02-23 18:57:00,AAL
11,AAL652.LGA.DFW.230222.1430.0182.TFM,KLGA,KDFW,2023-02-23 19:28:00,2023-02-23 18:46:00,AAL
12,AAL2770.ATL.DFW.230222.1100.0244.TFM,KATL,KDFW,2023-02-23 13:42:00,2023-02-23 13:32:00,AAL
13,AAL1632.BOS.DCA.230222.1930.0223.TFM,KBOS,KDCA,2023-02-23 21:16:00,2023-02-23 21:15:00,AAL
14,AAL1024.SFO.DFW.230222.0800.0060.TFM,KSFO,KDFW,2023-02-23 11:13:00,2023-02-23 11:26:00,AAL
15,AAL2142.BOS.DCA.230222.2130.0203.TFM,KBOS,KDCA,2023-02-23 23:56:00,2023-02-23 23:15:00,AAL
16,AAL2735.DFW.LGA.230222.1545.0082.TFM,KDFW,KLGA,2023-02-23 18:36:00,2023-02-23 19:00:00,AAL
17,AAL1008.ATL.DFW.230222.2130.0216.TFM,KATL,KDFW,2023-02-23 23:57:00,2023-02-24 00:07:00,AAL
18,AAL1148.DFW.BOS.230222.1840.0130.TFM,KDFW,KBOS,2023-02-23 22:38:00,2023-02-23 22:10:00,AAL
19,AAL2989.DFW.DCA.230222.1130.0148.TFM,KDFW,KDCA,2023-02-23 13:57:00,2023-02-23 14:14:00,AAL
20,AAL2733.DFW.LAX.230222.0430.0048.TFM,KDFW,KLAX,2023-02-23 08:04:00,2023-02-23 07:55:00,AAL
21,AAL2748.SEA.DFW.230222.1330.0211.TFM,KSEA,KDFW,2023-02-23 17:07:00,2023-02-23 17:19:00,AAL
22,AAL2169.DCA.BOS.230222.1400.0374.TFM,KDCA,KBOS,2023-02-23 18:39:00,2023-02-23 15:36:00,AAL
23,AAL2817.DFW.DCA.230222.1635.0156.TFM,KDFW,KDCA,2023-02-23 19:32:00,2023-02-23 19:24:00,AAL
24,AAL1186.LGA.DFW.230222.1540.0061.TFM,KLGA,KDFW,2023-02-23 20:02:00,2023-02-23 20:00:00,AAL
25,AAL1360.DCA.DFW.230222.2205.0059.TFM,KDCA,KDFW,2023-02-24 01:39:00,2023-02-24 01:55:00,AAL
26,AAL1078.DFW.IAD.230222.1835.0103.TFM,KDFW,KIAD,2023-02-23 21:14:00,2023-02-23 21:15:00,AAL
27,AAL2143.DCA.BOS.230222.2200.0240.TFM,KDCA,KBOS,2023-02-24 00:48:00,2023-02-23 23:32:00,AAL
28,AAL1403.BWI.DFW.230222.1130.0157.TFM,KBWI,KDFW,2023-02-23 15:17:00,2023-02-23 15:16:00,AAL
29,AAL1056.DFW.LGA.230222.1425.0088.TFM,KDFW,KLGA,2023-02-23 17:14:00,2023-02-23 17:40:00,AAL
30,AAL10.LAX.JFK.230222.0615.0039.TFM,KLAX,KJFK,2023-02-23 10:46:00,2023-02-23 11:35:00,AAL
31,AAL2142.DCA.BOS.230222.1915.0166.TFM,KDCA,KBOS,2023-02-23 21:28:00,2023-02-23 20:44:00,AAL
32,AAL429.DFW.DCA.230222.1320.0084.TFM,KDFW,KDCA,2023-02-23 15:42:00,2023-02-23 16:00:00,AAL
33,AAL1138.BOS.DCA.230222.1430.0144.TFM,KBOS,KDCA,2023-02-23 16:39:00,2023-02-23 16:15:00,AAL
34,AAL1597.LGA.DFW.230222.1050.0058.TFM,KLGA,KDFW,2023-02-23 14:59:00,2023-02-23 14:57:00,AAL
35,AAL179.JFK.SFO.230222.1330.0207.TFM,KJFK,KSFO,2023-02-23 20:34:00,2023-02-23 20:39:00,AAL
36,AAL1213.DFW.BWI.230222.2025.0073.TFM,KDFW,KBWI,2023-02-23 22:47:00,2023-02-23 23:11:00,AAL
37,AAL331.JFK.LAX.230222.1600.0148.TFM,KJFK,KLAX,2023-02-23 23:03:00,2023-02-23 22:25:00,AAL
38,AAL2382.DFW.LGA.230222.2245.0105.TFM,KDFW,KLGA,2023-02-24 01:55:00,2023-02-24 01:59:00,AAL
39,AAL2423.DFW.JFK.230222.1830.0138.TFM,KDFW,KJFK,2023-02-23 21:29:00,2023-02-23 21:55:00,AAL
40,AAL2023.SFO.DFW.230222.2135.0178.TFM,KSFO,KDFW,2023-02-24 01:16:00,2023-02-24 01:03:00,AAL
41,AAL1490.LGA.DFW.230222.1315.0109.TFM,KLGA,KDFW,2023-02-23 18:16:00,2023-02-23 17:34:00,AAL
42,AAL2180.ATL.DCA.230222.1920.0116.TFM,KATL,KDCA,2023-02-23 20:58:00,2023-02-23 21:11:00,AAL
43,AAL1848.SFO.DFW.230222.1800.0172.TFM,KSFO,KDFW,2023-02-23 21:09:00,2023-02-23 21:26:00,AAL
44,AAL28.LAX.JFK.230222.0700.0044.TFM,KLAX,KJFK,2023-02-23 12:04:00,2023-02-23 12:26:00,AAL
45,AAL2010.DCA.LGA.230222.1100.0245.TFM,KDCA,KLGA,2023-02-23 11:53:00,2023-02-23 12:14:00,AAL
46,AAL2453.LAX.BOS.230222.0600.0040.TFM,KLAX,KBOS,2023-02-23 11:05:00,2023-02-23 11:22:00,AAL
47,AAL2119.DCA.LGA.230222.1655.0078.TFM,KDCA,KLGA,2023-02-23 17:56:00,2023-02-23 18:07:00,AAL
48,AAL2003.DCA.LGA.230222.1900.0172.TFM,KDCA,KLGA,2023-02-23 20:07:00,2023-02-23 20:14:00,AAL
49,AAL2767.SEA.DFW.230222.1955.0130.TFM,KSEA,KDFW,2023-02-24 00:02:00,2023-02-23 23:50:00,AAL
50,AAL524.LAX.DFW.230222.2235.0128.TFM,KLAX,KDFW,2023-02-24 01:46:00,2023-02-24 01:34:00,AAL
51,AAL2085.LGA.DCA.230222.1700.0159.TFM,KLGA,KDCA,2023-02-23 18:18:00,2023-02-23 18:30:00,AAL
52,AAL2197.LAX.DFW.230222.0940.0032.TFM,KLAX,KDFW,2023-02-23 12:20:00,2023-02-23 12:35:00,AAL
53,AAL2318.LAX.DFW.230222.2025.0117.TFM,KLAX,KDFW,2023-02-23 23:38:00,2023-02-23 23:23:00,AAL
54,AAL274.LAX.JFK.230222.1955.0132.TFM,KLAX,KJFK,2023-02-24 00:54:00,2023-02-24 01:15:00,AAL
55,AAL1839.DCA.DFW.230222.1200.0235.TFM,KDCA,KDFW,2023-02-23 15:34:00,2023-02-23 15:37:00,AAL
56,AAL2025.DCA.LGA.230222.1200.0227.TFM,KDCA,KLGA,2023-02-23 13:20:00,2023-02-23 13:16:00,AAL
57,AAL1709.DFW.EWR.230222.1400.0385.TFM,KDFW,KEWR,2023-02-23 17:00:00,2023-02-23 17:15:00,AAL
58,AAL969.DFW.LAX.230222.2305.0162.TFM,KDFW,KLAX,2023-02-24 02:22:00,2023-02-24 02:29:00,AAL
59,AAL1331.DFW.LAX.230222.1620.0077.TFM,KDFW,KDFW,2023-02-23 17:27:00,2023-02-23 19:57:00,AAL
60,AAL2246.JFK.DFW.230222.1945.0170.TFM,KJFK,KDFW,2023-02-24 00:13:00,2023-02-23 23:54:00,AAL
61,AAL2146.DCA.BOS.230222.1200.0246.TFM,KDCA,KBOS,2023-02-23 13:26:00,2023-02-23 13:36:00,AAL
62,AAL1175.DFW.SFO.230222.2315.0105.TFM,KDFW,KSFO,2023-02-24 03:09:00,2023-02-24 03:04:00,AAL
63,AAL613.EWR.DFW.230222.2315.0094.TFM,KEWR,KDFW,2023-02-24 03:25:00,2023-02-24 03:25:00,AAL
64,AAL574.DFW.LAX.230222.1200.0088.TFM,KDFW,KLAX,2023-02-23 15:26:00,2023-02-23 15:25:00,AAL
65,AAL2798.SFO.DFW.230222.2045.0194.TFM,KSFO,KDFW,2023-02-24 00:10:00,2023-02-24 00:07:00,AAL
66,AAL1878.DFW.EWR.230222.1615.0131.TFM,KDFW,KEWR,2023-02-23 19:47:00,2023-02-23 19:31:00,AAL
67,AAL2009.DFW.SEA.230222.2300.0285.TFM,KDFW,KSEA,2023-02-24 03:10:00,2023-02-24 03:19:00,AAL
68,AAL184.LAX.JFK.230222.2305.0167.TFM,KLAX,KJFK,2023-02-24 03:52:00,2023-02-24 04:26:00,AAL
69,AAL1232.LGA.DCA.230222.1100.0322.TFM,KLGA,KDCA,2023-02-23 12:05:00,2023-02-23 12:24:00,AAL
70,AAL1376.BOS.LAX.230222.1230.0146.TFM,KBOS,KLAX,2023-02-23 20:45:00,2023-02-23 19:08:00,AAL
71,AAL2314.DFW.BWI.230222.1640.0077.TFM,KDFW,KBWI,2023-02-23 19:36:00,2023-02-23 19:31:00,AAL
72,AAL1435.DFW.LGA.230222.1315.0148.TFM,KDFW,KLGA,2023-02-23 16:14:00,2023-02-23 16:30:00,AAL
73,AAL1676.DFW.DCA.230222.1435.0092.TFM,KDFW,KDCA,2023-02-23 16:57:00,2023-02-23 17:19:00,AAL
74,AAL2403.DFW.ATL.230222.2225.0070.TFM,KDFW,KATL,2023-02-24 01:41:00,2023-02-24 00:21:00,AAL
75,AAL2552.DCA.BOS.230222.1100.0268.TFM,KDCA,KBOS,2023-02-23 12:24:00,2023-02-23 12:34:00,AAL
76,AAL2068.LGA.DCA.230222.1305.0132.TFM,KLGA,KDCA,2023-02-23 14:09:00,2023-02-23 14:29:00,AAL
77,AAL2387.EWR.DFW.230222.2040.0067.TFM,KEWR,KDFW,2023-02-24 00:30:00,2023-02-24 00:46:00,AAL
78,AAL2144.BOS.DCA.230222.2030.0168.TFM,KBOS,KDCA,2023-02-23 22:24:00,2023-02-23 22:15:00,AAL
79,AAL2101.DCA.DFW.230222.1445.0069.TFM,KDCA,KDFW,2023-02-23 18:44:00,2023-02-23 18:18:00,AAL
80,AAL1163.DFW.BOS.230222.1645.0111.TFM,KDFW,KBOS,2023-02-23 19:54:00,2023-02-23 20:21:00,AAL
81,AAL1236.EWR.DFW.230222.1900.0177.TFM,KEWR,KDFW,2023-02-23 23:48:00,2023-02-23 23:08:00,AAL
82,AAL1011.LGA.DFW.230222.1130.0146.TFM,KLGA,KDFW,2023-02-23 15:27:00,2023-02-23 15:44:00,AAL
83,AAL536.EWR.DFW.230222.1000.0044.TFM,KEWR,KDFW,2023-02-23 14:13:00,2023-02-23 14:09:00,AAL
84,AAL2998.DFW.LAX.230222.2000.0229.TFM,KDFW,KLAX,2023-02-23 23:21:00,2023-02-23 23:23:00,AAL
85,AAL2153.DCA.LGA.230222.1310.0069.TFM,KDCA,KLGA,2023-02-23 14:18:00,2023-02-23 14:24:00,AAL
86,AAL1078.IAD.DFW.230222.2205.0061.TFM,KIAD,KDFW,2023-02-24 01:37:00,2023-02-24 01:44:00,AAL
87,AAL1198.SFO.DFW.230222.1400.0377.TFM,KSFO,KDFW,2023-02-23 17:21:00,2023-02-23 17:28:00,AAL
88,AAL2030.DCA.LGA.230222.1500.0289.TFM,KDCA,KLGA,2023-02-23 16:00:00,2023-02-23 16:12:00,AAL
89,AAL76.JFK.SFO.230222.1130.0158.TFM,KJFK,KSFO,2023-02-23 18:25:00,2023-02-23 18:20:00,AAL
90,AAL347.DFW.DCA.230222.1830.0218.TFM,KDFW,KDCA,2023-02-23 20:57:00,2023-02-23 21:07:00,AAL
91,AAL545.JFK.DFW.230222.2325.0149.TFM,KJFK,KDFW,2023-02-24 03:23:00,2023-02-24 03:38:00,AAL
92,AAL564.DFW.LGA.230222.1215.0116.TFM,KDFW,KLGA,2023-02-23 15:41:00,2023-02-23 15:30:00,AAL
93,AAL2147.DCA.BOS.230222.1700.0192.TFM,KDCA,KBOS,2023-02-23 18:26:00,2023-02-23 18:31:00,AAL
94,AAL2716.DFW.LGA.230222.2105.0145.TFM,KDFW,KLGA,2023-02-24 00:15:00,2023-02-24 00:15:00,AAL
95,AAL2064.DFW.LAX.230222.1900.0152.TFM,KDFW,KLAX,2023-02-23 22:54:00,2023-02-23 22:25:00,AAL
96,AAL473.LGA.DCA.230222.2100.0181.TFM,KLGA,KDCA,2023-02-23 22:15:00,2023-02-23 22:35:00,AAL
97,AAL980.ATL.DFW.230222.1925.0053.TFM,KATL,KDFW,2023-02-23 23:23:00,2023-02-23 21:54:00,AAL
98,AAL2817.DCA.DFW.230222.2020.0133.TFM,KDCA,KDFW,2023-02-24 02:41:00,2023-02-24 00:06:00,AAL
99,AAL2292.DFW.JFK.230222.2305.0172.TFM,KDFW,KJFK,2023-02-24 02:05:00,2023-02-24 02:29:00,AAL
100,AAL2459.LAX.DFW.230222.1600.0125.TFM,KLAX,KDFW,2023-02-23 18:45:00,2023-02-23 19:00:00,AAL
101,AAL1163.BOS.DFW.230222.2115.0123.TFM,KBOS,KDFW,2023-02-24 02:09:00,2023-02-24 01:55:00,AAL
102,AAL2109.LAX.DCA.230222.1555.0041.TFM,KLAX,KDCA,2023-02-23 19:56:00,2023-02-23 20:45:00,AAL
103,AAL1077.DFW.LAX.230222.1500.0285.TFM,KDFW,KLAX,2023-02-23 18:28:00,2023-02-23 18:32:00,AAL
104,AAL2904.SFO.DFW.230222.1600.0154.TFM,KSFO,KDFW,2023-02-23 19:02:00,2023-02-23 19:28:00,AAL
105,AAL2617.IAD.DFW.230222.1150.0070.TFM,KIAD,KDFW,2023-02-23 15:34:00,2023-02-23 15:34:00,AAL
106,AAL2866.DCA.DFW.230222.1000.0049.TFM,KDCA,KDFW,2023-02-23 13:27:00,2023-02-23 13:39:00,AAL
107,AAL2028.DFW.SFO.230222.2130.0207.TFM,KDFW,KSFO,2023-02-24 01:15:00,2023-02-24 01:23:00,AAL
108,AAL16.SFO.JFK.230222.2130.0233.TFM,KSFO,KJFK,2023-02-24 02:22:00,2023-02-24 02:59:00,AAL
109,AAL1008.DFW.ATL.230222.1835.0090.TFM,KDFW,KATL,2023-02-23 20:34:00,2023-02-23 20:36:00,AAL
110,AAL1660.DFW.BOS.230222.2310.0158.TFM,KDFW,KBOS,2023-02-24 02:40:00,2023-02-24 02:34:00,AAL
111,AAL541.DFW.LGA.230222.1815.0129.TFM,KDFW,KLGA,2023-02-23 21:31:00,2023-02-23 21:29:00,AAL
112,AAL2717.LAX.DFW.230222.1800.0194.TFM,KLAX,KDFW,2023-02-23 20:53:00,2023-02-23 21:01:00,AAL
113,AAL1599.LGA.DFW.230222.2200.0227.TFM,KLGA,KDFW,2023-02-24 03:53:00,2023-02-24 02:25:00,AAL
114,AAL982.ATL.DFW.230222.1720.0090.TFM,KATL,KDFW,2023-02-23 20:03:00,2023-02-23 19:55:00,AAL
115,AAL969.DFW.LAX.230221.2305.0084.TFM,KDFW,KLAX,2023-02-23 03:47:00,2023-02-23 02:29:00,AAL
116,AAL2853.LAX.DFW.230221.1900.0241.TFM,KLAX,KDFW,2023-02-22 22:05:00,2023-02-22 22:00:00,AAL
117,AAL980.DFW.ATL.230222.1620.0154.TFM,KDFW,KATL,2023-02-23 20:05:00,2023-02-23 18:20:00,AAL
118,AAL2297.DFW.BOS.230222.1330.0221.TFM,KDFW,KBOS,2023-02-23 16:35:00,2023-02-23 16:56:00,AAL
119,AAL2769.DFW.SEA.230222.1640.0075.TFM,KDFW,KSEA,2023-02-23 20:40:00,2023-02-23 21:10:00,AAL
120,AAL2454.DCA.DFW.230222.1545.0079.TFM,KDCA,KDFW,2023-02-23 19:27:00,2023-02-23 19:27:00,AAL
121,AAL2153.LGA.DCA.230222.1500.0299.TFM,KLGA,KDCA,2023-02-23 16:19:00,2023-02-23 16:34:00,AAL
122,AAL2652.JFK.SFO.230222.2255.0118.TFM,KJFK,KSFO,2023-02-24 06:32:00,2023-02-24 05:41:00,AAL
123,AAL2306.DFW.BOS.230222.2210.0142.TFM,KDFW,KBOS,2023-02-24 01:41:00,2023-02-24 01:37:00,AAL
124,AAL1393.ATL.LAX.230222.2200.0252.TFM,KATL,KLAX,2023-02-24 03:13:00,2023-02-24 03:11:00,AAL
125,AAL2125.LGA.DCA.230222.1150.0077.TFM,KLGA,KDCA,2023-02-23 16:48:00,2023-02-23 13:13:00,AAL
126,AAL2234.JFK.DFW.230222.1305.0186.TFM,KJFK,KDFW,2023-02-23 19:26:00,2023-02-23 17:14:00,AAL
127,AAL472.DFW.DCA.230222.2245.0129.TFM,KDFW,KDCA,2023-02-24 01:46:00,2023-02-24 01:30:00,AAL
128,AAL2141.DCA.BOS.230222.2300.0254.TFM,KDCA,KBOS,2023-02-24 01:03:00,2023-02-24 00:29:00,AAL
129,AAL2916.DFW.LGA.230222.1635.0169.TFM,KDFW,KLGA,2023-02-23 19:32:00,2023-02-23 19:55:00,AAL
130,AAL1217.DCA.LGA.230222.2200.0207.TFM,KDCA,KLGA,2023-02-23 23:34:00,2023-02-23 23:12:00,AAL
131,AAL2180.DCA.ATL.230222.1635.0151.TFM,KDCA,KATL,2023-02-23 18:23:00,2023-02-23 18:35:00,AAL
132,AAL519.LGA.DFW.230222.1735.0117.TFM,KLGA,KDFW,2023-02-23 22:10:00,2023-02-23 22:08:00,AAL
133,AAL688.DFW.LAX.230222.1400.0358.TFM,KDFW,KLAX,2023-02-23 17:18:00,2023-02-23 17:25:00,AAL
134,AAL2807.DFW.SFO.230222.1330.0240.TFM,KDFW,KSFO,2023-02-23 17:28:00,2023-02-23 17:24:00,AAL
135,AAL779.LAX.BOS.230222.1630.0206.TFM,KLAX,KBOS,2023-02-23 21:20:00,2023-02-23 21:58:00,AAL
136,AAL1676.DCA.DFW.230222.1815.0126.TFM,KDCA,KDFW,2023-02-23 21:34:00,2023-02-23 21:55:00,AAL
137,AAL395.LAX.DFW.230222.1700.0220.TFM,KLAX,KDFW,2023-02-23 19:35:00,2023-02-23 20:00:00,AAL
138,AAL118.LAX.JFK.230222.1430.0156.TFM,KLAX,KJFK,2023-02-23 18:47:00,2023-02-23 19:51:00,AAL
139,AAL1608.LGA.DFW.230222.2056.0017.TFM,KLGA,KDFW,2023-02-24 01:21:00,2023-02-24 01:19:00,AAL
140,AAL2314.BWI.DFW.230222.2025.0118.TFM,KBWI,KDFW,2023-02-24 00:16:00,2023-02-24 00:07:00,AAL
141,AAL990.LAX.ATL.230222.1755.0107.TFM,KLAX,KATL,2023-02-23 21:59:00,2023-02-23 22:02:00,AAL
142,AAL1599.DFW.LGA.230222.1735.0127.TFM,KDFW,KLGA,2023-02-23 20:32:00,2023-02-23 20:48:00,AAL
143,AAL2532.LAX.DCA.230222.2140.0127.TFM,KLAX,KDCA,2023-02-24 01:56:00,2023-02-24 02:27:00,AAL
144,AAL613.DFW.EWR.230222.1905.0141.TFM,KDFW,KEWR,2023-02-23 22:11:00,2023-02-23 22:20:00,AAL
145,AAL234.SFO.JFK.230222.1400.0372.TFM,KSFO,KJFK,2023-02-23 19:02:00,2023-02-23 19:34:00,AAL
146,AAL306.JFK.LAX.230222.2100.0204.TFM,KJFK,KLAX,2023-02-24 03:39:00,2023-02-24 03:36:00,AAL
147,AAL2811.LAX.DFW.230222.1400.0366.TFM,KLAX,KDFW,2023-02-23 16:45:00,2023-02-23 17:01:00,AAL
148,AAL2023.DFW.SFO.230222.1640.0080.TFM,KDFW,KSFO,2023-02-23 21:02:00,2023-02-23 20:44:00,AAL
149,AAL2.LAX.JFK.230222.1510.0126.TFM,KLAX,KJFK,2023-02-23 19:31:00,2023-02-23 20:30:00,AAL
150,AAL2600.BOS.DFW.230222.1230.0153.TFM,KBOS,KDFW,2023-02-23 19:05:00,2023-02-23 17:15:00,AAL
151,AAL2967.DFW.LAX.230222.2200.0255.TFM,KDFW,KLAX,2023-02-24 01:26:00,2023-02-24 01:25:00,AAL
152,AAL2767.DFW.SEA.230222.1435.0089.TFM,KDFW,KSEA,2023-02-23 19:10:00,2023-02-23 19:02:00,AAL
153,AAL2231.ATL.DFW.230222.1445.0114.TFM,KATL,KDFW,2023-02-23 17:12:00,2023-02-23 17:28:00,AAL
154,AAL451.LGA.DFW.230222.1855.0074.TFM,KLGA,KDFW,2023-02-23 23:50:00,2023-02-23 23:08:00,AAL
155,AAL977.SFO.LAX.230222.1500.0220.TFM,KSFO,KLAX,2023-02-23 16:22:00,2023-02-23 16:29:00,AAL
156,AAL2853.LAX.DFW.230222.1900.0166.TFM,KLAX,KDFW,2023-02-23 21:48:00,2023-02-23 22:00:00,AAL
157,AAL4.LAX.JFK.230222.1830.0217.TFM,KLAX,KJFK,2023-02-23 23:55:00,2023-02-23 23:45:00,AAL
158,AAL556.SFO.DFW.230222.1700.0226.TFM,KSFO,KDFW,2023-02-23 20:14:00,2023-02-23 20:26:00,AAL
159,AAL982.DFW.ATL.230222.1430.0215.TFM,KDFW,KATL,2023-02-23 16:36:00,2023-02-23 16:29:00,AAL
160,AAL428.LGA.DFW.230222.1230.0158.TFM,KLGA,KDFW,2023-02-23 17:00:00,2023-02-23 16:51:00,AAL
161,AAL1275.DCA.LAX.230222.1345.0034.TFM,KDCA,KLAX,2023-02-23 20:25:00,2023-02-23 19:52:00,AAL
162,AAL1285.BOS.DFW.230222.1905.0144.TFM,KBOS,KDFW,2023-02-23 23:56:00,2023-02-23 23:47:00,AAL
163,AAL32.LAX.JFK.230222.2100.0156.TFM,KLAX,KJFK,2023-02-24 02:20:00,2023-02-24 02:21:00,AAL
164,AAL1347.BOS.DFW.230222.1500.0302.TFM,KBOS,KDFW,2023-02-23 20:02:00,2023-02-23 19:32:00,AAL
165,AAL164.SFO.JFK.230222.1910.0101.TFM,KSFO,KJFK,2023-02-24 00:04:00,2023-02-24 00:45:00,AAL
166,AAL185.JFK.LAX.230222.0135.0063.TFM,KJFK,KLAX,2023-02-23 08:19:00,2023-02-23 08:09:00,AAL
167,AAL238.LAX.JFK.230222.1640.0099.TFM,KLAX,KJFK,2023-02-23 21:16:00,2023-02-23 22:04:00,AAL
168,AAL2552.BOS.DCA.230222.1330.0245.TFM,KBOS,KDCA,2023-02-23 16:17:00,2023-02-23 15:17:00,AAL
169,AAL2112.LAX.DFW.230222.1500.0296.TFM,KLAX,KDFW,2023-02-23 17:40:00,2023-02-23 17:58:00,AAL
170,AAL446.DFW.SFO.230222.0445.0025.TFM,KDFW,KSFO,2023-02-23 08:44:00,2023-02-23 08:37:00,AAL
171,AAL177.JFK.SFO.230222.0205.0060.TFM,KJFK,KSFO,2023-02-23 09:05:00,2023-02-23 08:52:00,AAL
172,AAL276.SFO.JFK.230222.0635.0013.TFM,KSFO,KJFK,2023-02-23 11:16:00,2023-02-23 11:59:00,AAL
173,AAL2072.DFW.ATL.230221.0050.0164.TFM,KDFW,KATL,2023-02-22 02:27:00,2023-02-22 02:49:00,AAL
174,AAL2234.JFK.DFW.230220.1300.0256.TFM,KJFK,KDFW,2023-02-22 06:57:00,2023-02-21 17:14:00,AAL
175,AAL982.ATL.DFW.230221.1720.0041.TFM,KATL,KDFW,2023-02-22 19:28:00,2023-02-22 19:55:00,AAL
176,AAL1213.BWI.DFW.230221.0005.0188.TFM,KBWI,KDFW,2023-02-22 06:01:00,2023-02-22 03:45:00,AAL
177,AAL300.JFK.LAX.230221.0035.0083.TFM,KJFK,KLAX,2023-02-22 07:18:00,2023-02-22 07:03:00,AAL
178,AAL1163.BOS.DFW.230220.2115.0099.TFM,KBOS,KDFW,2023-02-22 06:33:00,2023-02-22 01:55:00,AAL
179,AAL1105.LGA.DFW.230221.0005.0216.TFM,KLGA,KDFW,2023-02-22 04:09:00,2023-02-22 04:35:00,AAL
180,AAL1430.DFW.SFO.230221.0110.0102.TFM,KDFW,KSFO,2023-02-22 05:03:00,2023-02-22 05:09:00,AAL
181,AAL2394.DFW.SEA.230221.0300.0134.TFM,KDFW,KSEA,2023-02-22 06:57:00,2023-02-22 07:22:00,AAL
182,AAL1078.IAD.DFW.230220.2205.0164.TFM,KIAD,KDFW,2023-02-22 03:42:00,2023-02-22 01:44:00,AAL
183,AAL1726.DFW.LGA.230221.0130.0153.TFM,KDFW,KLGA,2023-02-22 04:20:00,2023-02-22 04:42:00,AAL
184,AAL2222.DFW.DCA.230221.0245.0067.TFM,KDFW,KDCA,2023-02-22 05:16:00,2023-02-22 05:28:00,AAL
185,AAL2907.DCA.DFW.230221.0000.0126.TFM,KDCA,KDFW,2023-02-22 03:45:00,2023-02-22 03:41:00,AAL
186,AAL2143.BOS.DCA.230221.0030.0210.TFM,KBOS,KDCA,2023-02-22 01:54:00,2023-02-22 02:15:00,AAL
187,AAL613.EWR.DFW.230220.2315.0137.TFM,KEWR,KDFW,2023-02-22 03:46:00,2023-02-22 03:25:00,AAL
188,AAL1653.DFW.LAX.230221.0100.0151.TFM,KDFW,KLAX,2023-02-22 04:31:00,2023-02-22 04:37:00,AAL
189,AAL2321.DFW.LAX.230221.0015.0069.TFM,KDFW,KLAX,2023-02-22 03:12:00,2023-02-22 03:35:00,AAL
190,AAL2708.DFW.LGA.230221.0035.0073.TFM,KDFW,KLGA,2023-02-22 04:33:00,2023-02-22 03:51:00,AAL
191,AAL2697.DFW.LAX.230221.0330.0055.TFM,KDFW,KLAX,2023-02-22 07:05:00,2023-02-22 06:54:00,AAL
192,AAL2251.DFW.BWI.230221.0140.0086.TFM,KDFW,KBWI,2023-02-22 04:08:00,2023-02-22 04:22:00,AAL
193,AAL2120.DCA.BOS.230221.0300.0125.TFM,KDCA,KBOS,2023-02-22 04:15:00,2023-02-22 04:29:00,AAL
194,AAL2403.ATL.DFW.230221.0115.0110.TFM,KATL,KDFW,2023-02-22 03:30:00,2023-02-22 03:44:00,AAL
195,AAL1660.DFW.BOS.230220.2310.0157.TFM,KDFW,KBOS,2023-02-22 04:16:00,2023-02-22 02:34:00,AAL
196,AAL2028.SFO.DFW.230221.0215.0032.TFM,KSFO,KDFW,2023-02-22 05:42:00,2023-02-22 05:41:00,AAL
197,AAL2128.LGA.DCA.230221.0100.0181.TFM,KLGA,KDCA,2023-02-22 02:33:00,2023-02-22 02:35:00,AAL
198,AAL342.DFW.SFO.230221.0205.0122.TFM,KDFW,KSFO,2023-02-22 05:48:00,2023-02-22 05:56:00,AAL
199,AAL2967.LAX.DFW.230221.0230.0096.TFM,KLAX,KDFW,2023-02-22 06:17:00,2023-02-22 05:30:00,AAL
200,AAL1241.DFW.SEA.230221.0110.0087.TFM,KDFW,KSEA,2023-02-22 05:32:00,2023-02-22 05:38:00,AAL
201,AAL2723.LAX.DFW.230221.0030.0231.TFM,KLAX,KDFW,2023-02-22 03:20:00,2023-02-22 03:29:00,AAL
202,AAL2752.DFW.DCA.230221.0115.0116.TFM,KDFW,KDCA,2023-02-22 03:41:00,2023-02-22 04:00:00,AAL
203,AAL726.DFW.EWR.230221.0050.0147.TFM,KDFW,KEWR,2023-02-22 04:33:00,2023-02-22 04:03:00,AAL
204,AAL2123.LGA.DCA.230221.0300.0120.TFM,KLGA,KDCA,2023-02-22 03:52:00,2023-02-22 04:23:00,AAL
205,AAL512.DFW.LGA.230220.2350.0087.TFM,KDFW,KLGA,2023-02-22 04:41:00,2023-02-22 03:01:00,AAL
206,AAL2254.DFW.LAX.230221.0240.0067.TFM,KDFW,KLAX,2023-02-22 06:16:00,2023-02-22 06:05:00,AAL
207,AAL177.JFK.SFO.230221.0205.0107.TFM,KJFK,KSFO,2023-02-22 08:42:00,2023-02-22 08:52:00,AAL
208,AAL891.LAX.SFO.230221.0345.0048.TFM,KLAX,KSFO,2023-02-22 06:14:00,2023-02-22 05:07:00,AAL
209,AAL2879.DCA.LGA.230220.2300.0273.TFM,KDCA,KLGA,2023-02-22 00:59:00,2023-02-22 00:11:00,AAL
210,AAL2600.BOS.DFW.230221.1230.0195.TFM,KBOS,KDFW,2023-02-22 17:30:00,2023-02-22 17:15:00,AAL
211,AAL1.JFK.LAX.230221.1230.0131.TFM,KJFK,KLAX,2023-02-22 19:39:00,2023-02-22 18:57:00,AAL
212,AAL2767.DFW.SEA.230221.1435.0042.TFM,KDFW,KSEA,2023-02-22 18:28:00,2023-02-22 19:02:00,AAL
213,AAL2153.DCA.LGA.230221.1310.0080.TFM,KDCA,KLGA,2023-02-22 14:05:00,2023-02-22 14:24:00,AAL
214,AAL395.LAX.DFW.230221.1700.0087.TFM,KLAX,KDFW,2023-02-22 19:39:00,2023-02-22 20:00:00,AAL
215,AAL2817.DFW.DCA.230221.1635.0149.TFM,KDFW,KDCA,2023-02-22 19:19:00,2023-02-22 19:24:00,AAL
216,AAL1078.DFW.IAD.230221.1835.0147.TFM,KDFW,KIAD,2023-02-22 20:56:00,2023-02-22 21:15:00,AAL
217,AAL2180.ATL.DCA.230221.1920.0135.TFM,KATL,KDCA,2023-02-22 20:47:00,2023-02-22 21:11:00,AAL
218,AAL2748.SEA.DFW.230221.1330.0178.TFM,KSEA,KDFW,2023-02-22 17:10:00,2023-02-22 17:19:00,AAL
219,AAL2717.LAX.DFW.230221.1800.0197.TFM,KLAX,KDFW,2023-02-22 20:42:00,2023-02-22 21:01:00,AAL
220,AAL2394.DFW.SEA.230222.0300.0144.TFM,KDFW,KSEA,2023-02-23 07:18:00,2023-02-23 07:22:00,AAL
221,AAL536.EWR.DFW.230221.1000.0036.TFM,KEWR,KDFW,2023-02-22 14:12:00,2023-02-22 14:09:00,AAL
222,AAL428.LGA.DFW.230221.1230.0206.TFM,KLGA,KDFW,2023-02-22 16:44:00,2023-02-22 16:51:00,AAL
223,AAL179.JFK.SFO.230221.1330.0174.TFM,KJFK,KSFO,2023-02-22 20:04:00,2023-02-22 20:39:00,AAL
224,AAL2387.EWR.DFW.230221.2040.0129.TFM,KEWR,KDFW,2023-02-23 01:46:00,2023-02-23 00:46:00,AAL
225,AAL1393.ATL.LAX.230221.2200.0274.TFM,KATL,KLAX,2023-02-23 03:28:00,2023-02-23 03:11:00,AAL
226,AAL2254.DFW.LAX.230222.0240.0047.TFM,KDFW,KLAX,2023-02-23 06:03:00,2023-02-23 06:05:00,AAL
227,AAL1839.DCA.DFW.230221.1200.0409.TFM,KDCA,KDFW,2023-02-22 15:54:00,2023-02-22 15:37:00,AAL
228,AAL2697.DFW.LAX.230222.0330.0050.TFM,KDFW,KLAX,2023-02-23 07:04:00,2023-02-23 06:54:00,AAL
229,AAL10.LAX.JFK.230221.0615.0032.TFM,KLAX,KJFK,2023-02-22 10:54:00,2023-02-22 11:35:00,AAL
230,AAL2453.LAX.BOS.230221.0600.0036.TFM,KLAX,KBOS,2023-02-22 11:09:00,2023-02-22 11:22:00,AAL
231,AAL1848.SFO.DFW.230221.1800.0186.TFM,KSFO,KDFW,2023-02-22 21:16:00,2023-02-22 21:26:00,AAL
232,AAL2708.DFW.LGA.230222.0035.0144.TFM,KDFW,KLGA,2023-02-23 07:20:00,2023-02-23 03:51:00,AAL
233,AAL1241.DFW.SEA.230222.0110.0100.TFM,KDFW,KSEA,2023-02-23 05:36:00,2023-02-23 05:38:00,AAL
234,AAL2142.BOS.DCA.230221.2130.0135.TFM,KBOS,KDCA,2023-02-22 23:16:00,2023-02-22 23:15:00,AAL
235,AAL28.LAX.JFK.230221.0700.0039.TFM,KLAX,KJFK,2023-02-22 11:56:00,2023-02-22 12:26:00,AAL
236,AAL2023.SFO.DFW.230221.2135.0108.TFM,KSFO,KDFW,2023-02-23 00:56:00,2023-02-23 01:03:00,AAL
237,AAL541.DFW.LGA.230221.1815.0123.TFM,KDFW,KLGA,2023-02-23 01:53:00,2023-02-22 21:29:00,AAL
238,AAL300.JFK.LAX.230222.0035.0164.TFM,KJFK,KLAX,2023-02-23 07:29:00,2023-02-23 07:03:00,AAL
239,AAL1347.BOS.DFW.230221.1500.0308.TFM,KBOS,KDFW,2023-02-22 19:16:00,2023-02-22 19:32:00,AAL
240,AAL1754.DFW.JFK.230221.2050.0183.TFM,KDFW,KJFK,2023-02-23 00:00:00,2023-02-23 00:15:00,AAL
241,AAL1024.SFO.DFW.230221.0800.0066.TFM,KSFO,KDFW,2023-02-22 11:13:00,2023-02-22 11:26:00,AAL
242,AAL1198.SFO.DFW.230221.1400.0203.TFM,KSFO,KDFW,2023-02-22 17:36:00,2023-02-22 17:28:00,AAL
243,AAL2142.DCA.BOS.230221.1915.0055.TFM,KDCA,KBOS,2023-02-22 20:35:00,2023-02-22 20:44:00,AAL
244,AAL2810.DFW.SFO.230222.0305.0040.TFM,KDFW,KSFO,2023-02-23 06:58:00,2023-02-23 07:02:00,AAL
245,AAL331.JFK.LAX.230221.1600.0251.TFM,KJFK,KLAX,2023-02-22 22:16:00,2023-02-22 22:25:00,AAL
246,AAL1660.DFW.BOS.230221.2310.0149.TFM,KDFW,KBOS,2023-02-23 03:10:00,2023-02-23 02:34:00,AAL
247,AAL2025.DCA.LGA.230221.1200.0373.TFM,KDCA,KLGA,2023-02-22 12:58:00,2023-02-22 13:16:00,AAL
248,AAL2403.ATL.DFW.230222.0115.0112.TFM,KATL,KDFW,2023-02-23 03:38:00,2023-02-23 03:44:00,AAL
249,AAL2907.DCA.DFW.230222.0000.0092.TFM,KDCA,KDFW,2023-02-23 03:35:00,2023-02-23 03:41:00,AAL
250,AAL2150.DCA.LGA.230222.0300.0138.TFM,KDCA,KLGA,2023-02-23 03:53:00,2023-02-23 04:11:00,AAL
251,AAL2009.DFW.SEA.230221.2300.0264.TFM,KDFW,KSEA,2023-02-23 03:00:00,2023-02-23 03:19:00,AAL
252,AAL483.LAX.DFW.230221.0800.0056.TFM,KLAX,KDFW,2023-02-22 10:40:00,2023-02-22 11:00:00,AAL
253,AAL2733.DFW.LAX.230221.0430.0033.TFM,KDFW,KLAX,2023-02-22 08:05:00,2023-02-22 07:55:00,AAL
254,AAL2723.LAX.DFW.230222.0030.0239.TFM,KLAX,KDFW,2023-02-23 03:07:00,2023-02-23 03:29:00,AAL
255,AAL2222.DFW.DCA.230222.0245.0057.TFM,KDFW,KDCA,2023-02-23 05:08:00,2023-02-23 05:28:00,AAL
256,AAL1056.DFW.LGA.230221.1425.0110.TFM,KDFW,KLGA,2023-02-22 17:15:00,2023-02-22 17:40:00,AAL
257,AAL2318.LAX.DFW.230221.2025.0205.TFM,KLAX,KDFW,2023-02-22 22:59:00,2023-02-22 23:23:00,AAL
258,AAL118.LAX.JFK.230221.1430.0164.TFM,KLAX,KJFK,2023-02-22 19:26:00,2023-02-22 19:51:00,AAL
259,AAL1709.DFW.EWR.230221.1400.0213.TFM,KDFW,KEWR,2023-02-22 16:58:00,2023-02-22 17:15:00,AAL
260,AAL2866.DCA.DFW.230221.1000.0038.TFM,KDCA,KDFW,2023-02-22 14:05:00,2023-02-22 13:39:00,AAL
261,AAL1676.DCA.DFW.230221.1815.0122.TFM,KDCA,KDFW,2023-02-22 21:41:00,2023-02-22 21:55:00,AAL
262,AAL1275.DCA.LAX.230221.1345.0128.TFM,KDCA,KLAX,2023-02-22 20:18:00,2023-02-22 19:52:00,AAL
263,AAL1213.DFW.BWI.230221.2025.0190.TFM,KDFW,KBWI,2023-02-22 23:04:00,2023-02-22 23:11:00,AAL
264,AAL276.SFO.JFK.230221.0635.0011.TFM,KSFO,KJFK,2023-02-22 12:23:00,2023-02-22 11:59:00,AAL
265,AAL990.LAX.ATL.230221.1755.0099.TFM,KLAX,KATL,2023-02-22 22:00:00,2023-02-22 22:02:00,AAL
266,AAL1163.DFW.BOS.230221.1645.0138.TFM,KDFW,KBOS,2023-02-22 19:54:00,2023-02-22 20:21:00,AAL
267,AAL1403.BWI.DFW.230221.1130.0182.TFM,KBWI,KDFW,2023-02-22 15:27:00,2023-02-22 15:16:00,AAL
268,AAL1105.LGA.DFW.230222.0005.0237.TFM,KLGA,KDFW,2023-02-23 05:41:00,2023-02-23 04:35:00,AAL
269,AAL1653.DFW.LAX.230222.0100.0070.TFM,KDFW,KLAX,2023-02-23 04:23:00,2023-02-23 04:37:00,AAL
270,AAL2234.JFK.DFW.230221.1300.0344.TFM,KJFK,KDFW,2023-02-22 17:12:00,2023-02-22 17:14:00,AAL
271,AAL992.LGA.DFW.230221.1955.0135.TFM,KLGA,KDFW,2023-02-23 00:48:00,2023-02-23 00:20:00,AAL
272,AAL2617.IAD.DFW.230221.1150.0085.TFM,KIAD,KDFW,2023-02-22 15:29:00,2023-02-22 15:34:00,AAL
273,AAL1608.LGA.DFW.230221.2055.0153.TFM,KLGA,KDFW,2023-02-23 02:13:00,2023-02-23 01:19:00,AAL
274,AAL302.JFK.LAX.230221.2130.0132.TFM,KJFK,KLAX,2023-02-23 04:10:00,2023-02-23 03:55:00,AAL
275,AAL2159.BOS.DCA.230221.1100.0335.TFM,KBOS,KDCA,2023-02-22 12:22:00,2023-02-22 12:52:00,AAL
276,AAL274.LAX.JFK.230221.1955.0057.TFM,KLAX,KJFK,2023-02-23 01:24:00,2023-02-23 01:15:00,AAL
277,AAL1430.DFW.SFO.230222.0110.0114.TFM,KDFW,KSFO,2023-02-23 05:53:00,2023-02-23 05:09:00,AAL
278,AAL574.DFW.LAX.230221.1200.0369.TFM,KDFW,KLAX,2023-02-22 15:44:00,2023-02-22 15:25:00,AAL
279,AAL977.SFO.LAX.230221.1500.0189.TFM,KSFO,KLAX,2023-02-22 16:35:00,2023-02-22 16:29:00,AAL
280,AAL2552.DCA.BOS.230221.1100.0336.TFM,KDCA,KBOS,2023-02-22 12:14:00,2023-02-22 12:34:00,AAL
281,AAL2143.DCA.BOS.230221.2200.0255.TFM,KDCA,KBOS,2023-02-22 23:09:00,2023-02-22 23:32:00,AAL
282,AAL2197.LAX.DFW.230221.0940.0035.TFM,KLAX,KDFW,2023-02-22 12:10:00,2023-02-22 12:35:00,AAL
283,AAL2817.DCA.DFW.230221.2020.0117.TFM,KDCA,KDFW,2023-02-23 00:04:00,2023-02-23 00:06:00,AAL
284,AAL1138.BOS.DCA.230221.1430.0143.TFM,KBOS,KDCA,2023-02-22 15:53:00,2023-02-22 16:15:00,AAL
285,AAL2030.DCA.LGA.230221.1500.0296.TFM,KDCA,KLGA,2023-02-22 15:51:00,2023-02-22 16:12:00,AAL
286,AAL613.EWR.DFW.230221.2315.0136.TFM,KEWR,KDFW,2023-02-23 04:03:00,2023-02-23 03:25:00,AAL
287,AAL2811.LAX.DFW.230221.1400.0343.TFM,KLAX,KDFW,2023-02-22 16:52:00,2023-02-22 17:01:00,AAL
288,AAL564.DFW.LGA.230221.1215.0090.TFM,KDFW,KLGA,2023-02-22 15:24:00,2023-02-22 15:30:00,AAL
289,AAL2120.DCA.BOS.230222.0300.0130.TFM,KDCA,KBOS,2023-02-23 05:22:00,2023-02-23 04:29:00,AAL
290,AAL1175.DFW.SFO.230221.2315.0132.TFM,KDFW,KSFO,2023-02-23 03:27:00,2023-02-23 03:04:00,AAL
291,AAL2068.LGA.DCA.230221.1300.0219.TFM,KLGA,KDCA,2023-02-22 14:22:00,2023-02-22 14:29:00,AAL
292,AAL2292.DFW.JFK.230221.2310.0127.TFM,KDFW,KJFK,2023-02-23 02:07:00,2023-02-23 02:33:00,AAL
293,AAL1291.DFW.IAD.230222.0055.0087.TFM,KDFW,KIAD,2023-02-23 04:23:00,2023-02-23 03:32:00,AAL
294,AAL2028.SFO.DFW.230222.0215.0031.TFM,KSFO,KDFW,2023-02-23 06:15:00,2023-02-23 05:41:00,AAL
295,AAL2532.LAX.DCA.230221.2140.0086.TFM,KLAX,KDCA,2023-02-23 02:18:00,2023-02-23 02:27:00,AAL
296,AAL347.DFW.DCA.230221.1825.0087.TFM,KDFW,KDCA,2023-02-22 21:01:00,2023-02-22 21:07:00,AAL
297,AAL2064.LAX.DFW.230221.2330.0196.TFM,KLAX,KDFW,2023-02-23 02:16:00,2023-02-23 02:29:00,AAL
298,AAL1163.BOS.DFW.230221.2115.0151.TFM,KBOS,KDFW,2023-02-23 01:56:00,2023-02-23 01:55:00,AAL
299,AAL2123.LGA.DCA.230222.0300.0122.TFM,KLGA,KDCA,2023-02-23 04:16:00,2023-02-23 04:23:00,AAL
300,AAL2314.DFW.BWI.230221.1640.0161.TFM,KDFW,KBWI,2023-02-22 19:30:00,2023-02-22 19:31:00,AAL
301,AAL2010.DCA.LGA.230221.1100.0343.TFM,KDCA,KLGA,2023-02-22 11:56:00,2023-02-22 12:14:00,AAL
302,AAL1232.LGA.DCA.230221.1100.0232.TFM,KLGA,KDCA,2023-02-22 12:01:00,2023-02-22 12:24:00,AAL
303,AAL688.DFW.LAX.230221.1400.0190.TFM,KDFW,KLAX,2023-02-22 17:44:00,2023-02-22 17:25:00,AAL
304,AAL2072.DFW.ATL.230222.0050.0131.TFM,KDFW,KATL,2023-02-23 02:46:00,2023-02-23 02:49:00,AAL
305,AAL2231.ATL.DFW.230221.1445.0117.TFM,KATL,KDFW,2023-02-22 17:08:00,2023-02-22 17:28:00,AAL
306,AAL2770.ATL.DFW.230221.1100.0339.TFM,KATL,KDFW,2023-02-22 13:39:00,2023-02-22 13:32:00,AAL
307,AAL1720.DFW.LGA.230221.1950.0137.TFM,KDFW,KLGA,2023-02-23 00:17:00,2023-02-22 23:00:00,AAL
308,AAL2382.DFW.LGA.230221.2245.0166.TFM,KDFW,KLGA,2023-02-23 01:49:00,2023-02-23 01:59:00,AAL
309,AAL1726.DFW.LGA.230222.0130.0172.TFM,KDFW,KLGA,2023-02-23 04:32:00,2023-02-23 04:42:00,AAL
310,AAL1490.LGA.DFW.230221.1315.0076.TFM,KLGA,KDFW,2023-02-22 18:16:00,2023-02-22 17:34:00,AAL
311,AAL1213.BWI.DFW.230222.0005.0188.TFM,KBWI,KDFW,2023-02-23 03:40:00,2023-02-23 03:45:00,AAL
312,AAL1376.BOS.LAX.230221.1230.0164.TFM,KBOS,KLAX,2023-02-22 20:20:00,2023-02-22 19:08:00,AAL
313,AAL524.LAX.DFW.230221.2235.0103.TFM,KLAX,KDFW,2023-02-23 01:27:00,2023-02-23 01:34:00,AAL
314,AAL1252.DCA.LAX.230221.2200.0256.TFM,KDCA,KLAX,2023-02-23 04:33:00,2023-02-23 04:00:00,AAL
315,AAL1992.SEA.DFW.230221.2345.0130.TFM,KSEA,KDFW,2023-02-23 03:41:00,2023-02-23 03:35:00,AAL
316,AAL2122.BOS.DCA.230221.1230.0190.TFM,KBOS,KDCA,2023-02-22 14:37:00,2023-02-22 14:17:00,AAL
317,AAL2769.DFW.SEA.230221.1640.0136.TFM,KDFW,KSEA,2023-02-22 20:47:00,2023-02-22 21:10:00,AAL
318,AAL2798.SFO.DFW.230221.2045.0125.TFM,KSFO,KDFW,2023-02-23 00:03:00,2023-02-23 00:07:00,AAL
319,AAL2403.DFW.ATL.230221.2225.0135.TFM,KDFW,KATL,2023-02-23 00:15:00,2023-02-23 00:21:00,AAL
320,AAL2064.DFW.LAX.230221.1900.0227.TFM,KDFW,KLAX,2023-02-22 22:29:00,2023-02-22 22:25:00,AAL
321,AAL2967.LAX.DFW.230222.0230.0078.TFM,KLAX,KDFW,2023-02-23 05:02:00,2023-02-23 05:30:00,AAL
322,AAL2459.LAX.DFW.230221.1600.0273.TFM,KLAX,KDFW,2023-02-22 20:14:00,2023-02-22 19:00:00,AAL
323,AAL1632.BOS.DCA.230221.1930.0191.TFM,KBOS,KDCA,2023-02-22 20:52:00,2023-02-22 21:15:00,AAL
324,AAL2169.DCA.BOS.230221.1400.0354.TFM,KDCA,KBOS,2023-02-22 15:13:00,2023-02-22 15:36:00,AAL
325,AAL891.LAX.SFO.230222.0345.0041.TFM,KLAX,KSFO,2023-02-23 06:02:00,2023-02-23 05:07:00,AAL
326,AAL2879.DCA.LGA.230221.2300.0278.TFM,KDCA,KLGA,2023-02-23 00:47:00,2023-02-23 00:11:00,AAL
327,AAL1667.SEA.DFW.230221.1530.0224.TFM,KSEA,KDFW,2023-02-22 19:46:00,2023-02-22 19:19:00,AAL
328,AAL472.DFW.DCA.230221.2245.0184.TFM,KDFW,KDCA,2023-02-23 01:20:00,2023-02-23 01:30:00,AAL
329,AAL2423.DFW.JFK.230221.1830.0167.TFM,KDFW,KJFK,2023-02-22 22:26:00,2023-02-22 21:55:00,AAL
330,AAL2989.DFW.DCA.230221.1130.0160.TFM,KDFW,KDCA,2023-02-22 14:04:00,2023-02-22 14:14:00,AAL
331,AAL164.SFO.JFK.230221.1910.0128.TFM,KSFO,KJFK,2023-02-23 00:35:00,2023-02-23 00:45:00,AAL
332,AAL2028.DFW.SFO.230221.2130.0137.TFM,KDFW,KSFO,2023-02-23 02:17:00,2023-02-23 01:23:00,AAL
333,AAL1597.LGA.DFW.230221.1050.0035.TFM,KLGA,KDFW,2023-02-22 14:45:00,2023-02-22 14:57:00,AAL
334,AAL1676.DFW.DCA.230221.1435.0044.TFM,KDFW,KDCA,2023-02-22 17:19:00,2023-02-22 17:19:00,AAL
335,AAL779.LAX.BOS.230221.1630.0225.TFM,KLAX,KBOS,2023-02-22 21:26:00,2023-02-22 21:58:00,AAL
336,AAL32.LAX.JFK.230221.2100.0261.TFM,KLAX,KJFK,2023-02-23 01:50:00,2023-02-23 02:21:00,AAL
337,AAL2180.DCA.ATL.230221.1635.0144.TFM,KDCA,KATL,2023-02-22 18:11:00,2023-02-22 18:35:00,AAL
338,AAL2144.BOS.DCA.230221.2030.0214.TFM,KBOS,KDCA,2023-02-22 21:49:00,2023-02-22 22:15:00,AAL
339,AAL429.DFW.DCA.230221.1320.0059.TFM,KDFW,KDCA,2023-02-22 15:56:00,2023-02-22 16:00:00,AAL
340,AAL2023.DFW.SFO.230221.1640.0107.TFM,KDFW,KSFO,2023-02-22 20:34:00,2023-02-22 20:44:00,AAL
341,AAL2767.SEA.DFW.230221.1955.0061.TFM,KSEA,KDFW,2023-02-23 00:05:00,2023-02-22 23:50:00,AAL
342,AAL1148.DFW.BOS.230221.1840.0158.TFM,KDFW,KBOS,2023-02-22 22:09:00,2023-02-22 22:10:00,AAL
343,AAL342.DFW.SFO.230222.0205.0090.TFM,KDFW,KSFO,2023-02-23 06:07:00,2023-02-23 05:56:00,AAL
344,AAL2147.DCA.BOS.230221.1700.0092.TFM,KDCA,KBOS,2023-02-22 18:10:00,2023-02-22 18:31:00,AAL
345,AAL1285.BOS.DFW.230221.1905.0108.TFM,KBOS,KDFW,2023-02-22 23:30:00,2023-02-22 23:47:00,AAL
346,AAL1077.DFW.LAX.230221.1500.0289.TFM,KDFW,KLAX,2023-02-22 18:47:00,2023-02-22 18:32:00,AAL
347,AAL2306.DFW.BOS.230221.2210.0101.TFM,KDFW,KBOS,2023-02-23 01:26:00,2023-02-23 01:37:00,AAL
348,AAL1078.IAD.DFW.230221.2205.0147.TFM,KIAD,KDFW,2023-02-23 01:19:00,2023-02-23 01:44:00,AAL
349,AAL1599.LGA.DFW.230221.2200.0282.TFM,KLGA,KDFW,2023-02-23 03:01:00,2023-02-23 02:25:00,AAL
350,AAL2153.LGA.DCA.230221.1500.0304.TFM,KLGA,KDCA,2023-02-22 16:17:00,2023-02-22 16:34:00,AAL
351,AAL512.DFW.LGA.230221.2350.0127.TFM,KDFW,KLGA,2023-02-23 03:14:00,2023-02-23 03:01:00,AAL
352,AAL1008.ATL.DFW.230221.2130.0129.TFM,KATL,KDFW,2023-02-22 23:59:00,2023-02-23 00:07:00,AAL
353,AAL2321.DFW.LAX.230222.0015.0083.TFM,KDFW,KLAX,2023-02-23 03:38:00,2023-02-23 03:35:00,AAL
354,AAL1986.DFW.PDX.230221.2310.0151.TFM,KDFW,KSEA,2023-02-23 03:15:00,2023-02-23 03:13:00,AAL
355,AAL171.JFK.LAX.230221.1100.0260.TFM,KJFK,KLAX,2023-02-22 18:00:00,2023-02-22 17:30:00,AAL
356,AAL1878.DFW.EWR.230221.1615.0154.TFM,KDFW,KEWR,2023-02-22 19:37:00,2023-02-22 19:31:00,AAL
357,AAL2141.DCA.BOS.230221.2300.0233.TFM,KDCA,KBOS,2023-02-23 00:10:00,2023-02-23 00:29:00,AAL
358,AAL2125.LGA.DCA.230221.1150.0090.TFM,KLGA,KDCA,2023-02-22 12:52:00,2023-02-22 13:13:00,AAL
359,AAL726.DFW.EWR.230222.0050.0115.TFM,KDFW,KEWR,2023-02-23 05:28:00,2023-02-23 04:03:00,AAL
360,AAL2128.LGA.DCA.230222.0100.0076.TFM,KLGA,KDCA,2023-02-23 03:02:00,2023-02-23 02:35:00,AAL
361,AAL1011.LGA.DFW.230221.1130.0157.TFM,KLGA,KDFW,2023-02-22 15:37:00,2023-02-22 15:44:00,AAL
362,AAL1366.DFW.BOS.230222.0055.0094.TFM,KDFW,KBOS,2023-02-23 04:22:00,2023-02-23 04:25:00,AAL
363,AAL2552.BOS.DCA.230221.1330.0205.TFM,KBOS,KDCA,2023-02-22 15:03:00,2023-02-22 15:17:00,AAL
364,AAL1295.LGA.DCA.230221.2300.0235.TFM,KLGA,KDCA,2023-02-23 00:40:00,2023-02-23 00:41:00,AAL
365,AAL1331.DFW.LAX.230221.1620.0052.TFM,KDFW,KLAX,2023-02-22 19:49:00,2023-02-22 19:57:00,AAL
366,AAL2652.JFK.SFO.230221.2255.0045.TFM,KJFK,KSFO,2023-02-23 05:33:00,2023-02-23 05:41:00,AAL
367,AAL1599.DFW.LGA.230221.1735.0146.TFM,KDFW,KLGA,2023-02-22 20:49:00,2023-02-22 20:48:00,AAL
368,AAL2143.BOS.DCA.230222.0030.0206.TFM,KBOS,KDCA,2023-02-23 02:15:00,2023-02-23 02:15:00,AAL
369,AAL652.LGA.DFW.230221.1430.0201.TFM,KLGA,KDFW,2023-02-22 19:57:00,2023-02-22 18:46:00,AAL
370,AAL1008.DFW.ATL.230221.1835.0143.TFM,KDFW,KATL,2023-02-22 20:42:00,2023-02-22 20:36:00,AAL
371,AAL2146.DCA.BOS.230221.1200.0372.TFM,KDCA,KBOS,2023-02-22 13:33:00,2023-02-22 13:36:00,AAL
372,AAL1992.DFW.SEA.230221.1825.0081.TFM,KDFW,KSEA,2023-02-22 22:23:00,2023-02-22 22:50:00,AAL
373,AAL1998.DFW.EWR.230221.2315.0153.TFM,KDFW,KEWR,2023-02-23 02:34:00,2023-02-23 02:29:00,AAL
374,AAL184.LAX.JFK.230221.2305.0091.TFM,KLAX,KJFK,2023-02-23 03:47:00,2023-02-23 04:26:00,AAL
375,AAL2085.LGA.DCA.230221.1700.0127.TFM,KLGA,KDCA,2023-02-22 18:11:00,2023-02-22 18:30:00,AAL
376,AAL980.DFW.ATL.230221.1620.0044.TFM,KDFW,KATL,2023-02-22 18:12:00,2023-02-22 18:20:00,AAL
377,AAL451.LGA.DFW.230221.1855.0135.TFM,KLGA,KDFW,2023-02-22 22:43:00,2023-02-22 23:08:00,AAL
378,AAL2904.SFO.DFW.230221.1600.0258.TFM,KSFO,KDFW,2023-02-22 19:07:00,2023-02-22 19:28:00,AAL
379,AAL1114.DCA.DFW.230221.1340.0108.TFM,KDCA,KDFW,2023-02-22 17:36:00,2023-02-22 17:37:00,AAL
380,AAL2807.DFW.SFO.230221.1330.0200.TFM,KDFW,KSFO,2023-02-22 17:44:00,2023-02-22 17:24:00,AAL
381,AAL2112.LAX.DFW.230221.1500.0300.TFM,KLAX,KDFW,2023-02-22 18:22:00,2023-02-22 17:58:00,AAL
382,AAL545.JFK.DFW.230221.2325.0113.TFM,KJFK,KDFW,2023-02-23 03:24:00,2023-02-23 03:38:00,AAL
383,AAL2119.DCA.LGA.230221.1655.0079.TFM,KDCA,KLGA,2023-02-22 18:00:00,2023-02-22 18:07:00,AAL
384,AAL1360.DCA.DFW.230221.2205.0145.TFM,KDCA,KDFW,2023-02-23 02:01:00,2023-02-23 01:55:00,AAL
385,AAL2101.DCA.DFW.230221.1445.0075.TFM,KDCA,KDFW,2023-02-22 18:07:00,2023-02-22 18:18:00,AAL
386,AAL1217.DCA.LGA.230221.2200.0259.TFM,KDCA,KLGA,2023-02-22 23:15:00,2023-02-22 23:12:00,AAL
387,AAL2297.DFW.BOS.230221.1330.0186.TFM,KDFW,KBOS,2023-02-22 16:53:00,2023-02-22 16:56:00,AAL
388,AAL238.LAX.JFK.230221.1640.0132.TFM,KLAX,KJFK,2023-02-22 21:22:00,2023-02-22 22:04:00,AAL
389,AAL76.JFK.SFO.230221.1130.0166.TFM,KJFK,KSFO,2023-02-22 18:34:00,2023-02-22 18:20:00,AAL
390,AAL2916.DFW.LGA.230221.1635.0163.TFM,KDFW,KLGA,2023-02-22 19:57:00,2023-02-22 19:55:00,AAL
391,AAL2109.LAX.DCA.230221.1555.0092.TFM,KLAX,KDCA,2023-02-22 20:41:00,2023-02-22 20:45:00,AAL
392,AAL306.JFK.LAX.230221.2100.0282.TFM,KJFK,KLAX,2023-02-23 03:58:00,2023-02-23 03:36:00,AAL
393,AAL1236.EWR.DFW.230221.1900.0233.TFM,KEWR,KDFW,2023-02-22 23:15:00,2023-02-22 23:08:00,AAL
394,AAL1561.EWR.DFW.230221.1300.0227.TFM,KEWR,KDFW,2023-02-22 17:15:00,2023-02-22 17:07:00,AAL
395,AAL556.SFO.DFW.230221.1700.0089.TFM,KSFO,KDFW,2023-02-22 21:17:00,2023-02-22 20:26:00,AAL
396,AAL1148.BOS.DFW.230221.2305.0093.TFM,KBOS,KDFW,2023-02-23 03:39:00,2023-02-23 03:43:00,AAL
397,AAL2998.DFW.LAX.230221.2000.0180.TFM,KDFW,KLAX,2023-02-22 23:28:00,2023-02-22 23:23:00,AAL
398,AAL234.SFO.JFK.230221.1400.0351.TFM,KSFO,KJFK,2023-02-22 19:10:00,2023-02-22 19:34:00,AAL
399,AAL613.DFW.EWR.230221.1905.0103.TFM,KDFW,KEWR,2023-02-22 22:48:00,2023-02-22 22:20:00,AAL
400,AAL2003.DCA.LGA.230221.1900.0230.TFM,KDCA,KLGA,2023-02-22 20:08:00,2023-02-22 20:14:00,AAL
401,AAL2251.DFW.BWI.230222.0140.0083.TFM,KDFW,KBWI,2023-02-23 04:10:00,2023-02-23 04:22:00,AAL
402,AAL1186.LGA.DFW.230221.1540.0125.TFM,KLGA,KDFW,2023-02-22 20:12:00,2023-02-22 20:00:00,AAL
403,AAL2454.DCA.DFW.230221.1545.0090.TFM,KDCA,KDFW,2023-02-22 19:20:00,2023-02-22 19:27:00,AAL
404,AAL2246.JFK.DFW.230221.1945.0078.TFM,KJFK,KDFW,2023-02-22 23:49:00,2023-02-22 23:54:00,AAL
405,AAL16.SFO.JFK.230221.2130.0145.TFM,KSFO,KJFK,2023-02-23 02:48:00,2023-02-23 02:59:00,AAL
406,AAL982.DFW.ATL.230221.1430.0216.TFM,KDFW,KATL,2023-02-22 16:26:00,2023-02-22 16:29:00,AAL
407,AAL2.LAX.JFK.230221.1510.0113.TFM,KLAX,KJFK,2023-02-22 20:47:00,2023-02-22 20:30:00,AAL
408,AAL2752.DFW.DCA.230222.0115.0117.TFM,KDFW,KDCA,2023-02-23 03:38:00,2023-02-23 04:00:00,AAL
409,AAL519.LGA.DFW.230221.1735.0143.TFM,KLGA,KDFW,2023-02-22 21:52:00,2023-02-22 22:08:00,AAL
410,AAL2735.DFW.LGA.230221.1545.0075.TFM,KDFW,KLGA,2023-02-22 19:14:00,2023-02-22 19:00:00,AAL
411,AAL980.ATL.DFW.230221.1925.0088.TFM,KATL,KDFW,2023-02-22 21:34:00,2023-02-22 21:54:00,AAL
412,AAL2999.DFW.DCA.230221.2130.0133.TFM,KDFW,KDCA,2023-02-23 00:22:00,2023-02-23 00:15:00,AAL
413,AAL185.JFK.LAX.230221.0135.0107.TFM,KJFK,KLAX,2023-02-22 08:27:00,2023-02-22 08:09:00,AAL
414,AAL1435.DFW.LGA.230221.1315.0108.TFM,KDFW,KLGA,2023-02-22 16:06:00,2023-02-22 16:30:00,AAL
415,AAL2527.BOS.DFW.230221.1035.0028.TFM,KBOS,KDFW,2023-02-22 15:00:00,2023-02-22 15:07:00,AAL
416,AAL2314.BWI.DFW.230221.2025.0207.TFM,KBWI,KDFW,2023-02-23 00:05:00,2023-02-23 00:07:00,AAL
417,AAL473.LGA.DCA.230221.2100.0266.TFM,KLGA,KDCA,2023-02-22 22:12:00,2023-02-22 22:35:00,AAL
418,AAL1114.DCA.DFW.230222.1340.0129.TFM,KDCA,KDFW,2023-02-23 17:26:00,2023-02-23 17:37:00,AAL
419,AAL446.DFW.SFO.230221.0445.0035.TFM,KDFW,KSFO,2023-02-22 08:31:00,2023-02-22 08:37:00,AAL
420,AAL2122.BOS.DCA.230222.1230.0147.TFM,KBOS,KDCA,2023-02-23 15:38:00,2023-02-23 14:17:00,AAL
421,AAL1667.SEA.DFW.230222.1530.0177.TFM,KSEA,KDFW,2023-02-23 19:42:00,2023-02-23 19:19:00,AAL
422,AAL1470.SEA.DFW.230221.0730.0051.TFM,KSEA,KDFW,2023-02-22 11:31:00,2023-02-22 11:20:00,AAL
