gufi,departure_aerodrome_icao_name,arrival_aerodrome_icao_name,arrival_stand_actual_time,arrival_stand_scheduled_time,carrier,arrival_stand_actual_time_tz,arrival_stand_scheduled_time_tz,arr_index,dep_index,arrival_delay_time,arrival_date,arrival_time,arrival_date_tz,arrival_time_tz,total_delay_by_airport
DAL31.ATL.DFW.230307.0315.0027.TFM,KATL,KDFW,2023-03-08 05:34:00,2023-03-08 05:36:00,DAL,2023-03-08 00:34:00,2023-03-08 00:36:00,4.0,0.0,0.0,2023-03-08,05:34:00,2023-03-08,00:34:00,
DAL1465.BOS.SEA.230306.2330.0094.TFM,KBOS,KSEA,2023-03-08 06:09:00,2023-03-08 06:12:00,DAL,2023-03-08 01:09:00,2023-03-08 01:12:00,10.0,1.0,0.0,2023-03-08,06:09:00,2023-03-08,01:09:00,
DAL1122.SEA.SFO.230307.0425.0013.TFM,KSEA,KSFO,2023-03-08 06:16:00,2023-03-08 06:30:00,DAL,2023-03-08 01:16:00,2023-03-08 01:30:00,11.0,10.0,0.0,2023-03-08,06:16:00,2023-03-08,01:16:00,
DAL1703.SEA.LAX.230306.2345.0080.TFM,KSEA,KLAX,2023-03-08 02:14:00,2023-03-08 02:19:00,DAL,2023-03-07 21:14:00,2023-03-07 21:19:00,8.0,10.0,0.0,2023-03-08,02:14:00,2023-03-07,21:14:00,
DAL2985.LAX.SFO.230307.0545.0013.TFM,KLAX,KSFO,2023-03-08 06:49:00,2023-03-08 07:05:00,DAL,2023-03-08 01:49:00,2023-03-08 02:05:00,11.0,8.0,0.0,2023-03-08,06:49:00,2023-03-08,01:49:00,
DAL2902.IAD.ATL.230307.0005.0259.TFM,KIAD,KATL,2023-03-08 01:51:00,2023-03-08 01:52:00,DAL,2023-03-07 20:51:00,2023-03-07 20:52:00,0.0,6.0,0.0,2023-03-08,01:51:00,2023-03-07,20:51:00,
DAL665.DCA.ATL.230307.0000.0119.TFM,KDCA,KATL,2023-03-08 01:54:00,2023-03-08 02:00:00,DAL,2023-03-07 20:54:00,2023-03-07 21:00:00,0.0,3.0,0.0,2023-03-08,01:54:00,2023-03-07,20:54:00,
DAL1312.SEA.LAX.230307.0400.0105.TFM,KSEA,KLAX,2023-03-08 06:37:00,2023-03-08 06:40:00,DAL,2023-03-08 01:37:00,2023-03-08 01:40:00,8.0,10.0,0.0,2023-03-08,06:37:00,2023-03-08,01:37:00,
DAL741.ATL.SEA.230307.0215.0115.TFM,KATL,KSEA,2023-03-08 07:43:00,2023-03-08 07:47:00,DAL,2023-03-08 02:43:00,2023-03-08 02:47:00,10.0,0.0,0.0,2023-03-08,07:43:00,2023-03-08,02:43:00,
DAL735.LGA.DFW.230307.0030.0159.TFM,KLGA,KDFW,2023-03-08 04:54:00,2023-03-08 04:59:00,DAL,2023-03-07 23:54:00,2023-03-07 23:59:00,4.0,9.0,0.0,2023-03-08,04:54:00,2023-03-07,23:54:00,
DAL2549.ATL.IAD.230307.0110.0021.TFM,KATL,KIAD,2023-03-08 02:54:00,2023-03-08 02:49:00,DAL,2023-03-07 21:54:00,2023-03-07 21:49:00,6.0,0.0,0.0,2023-03-08,02:54:00,2023-03-07,21:54:00,
DAL715.ATL.LAX.230307.0255.0083.TFM,KATL,KLAX,2023-03-08 07:57:00,2023-03-08 07:57:00,DAL,2023-03-08 02:57:00,2023-03-08 02:57:00,8.0,0.0,0.0,2023-03-08,07:57:00,2023-03-08,02:57:00,
DAL2488.LGA.ATL.230307.0220.0102.TFM,KLGA,KATL,2023-03-08 04:42:00,2023-03-08 04:59:00,DAL,2023-03-07 23:42:00,2023-03-07 23:59:00,0.0,9.0,0.0,2023-03-08,04:42:00,2023-03-07,23:42:00,
DAL356.ATL.DCA.230307.0055.0063.TFM,KATL,KDCA,2023-03-08 02:51:00,2023-03-08 02:36:00,DAL,2023-03-07 21:51:00,2023-03-07 21:36:00,3.0,0.0,0.0,2023-03-08,02:51:00,2023-03-07,21:51:00,
DAL568.LAX.DFW.230307.0240.0046.TFM,KLAX,KDFW,2023-03-08 05:21:00,2023-03-08 05:37:00,DAL,2023-03-08 00:21:00,2023-03-08 00:37:00,4.0,8.0,0.0,2023-03-08,05:21:00,2023-03-08,00:21:00,
DAL487.ATL.LGA.230307.0245.0022.TFM,KATL,KLGA,2023-03-08 04:45:00,2023-03-08 04:55:00,DAL,2023-03-07 23:45:00,2023-03-07 23:55:00,9.0,0.0,0.0,2023-03-08,04:45:00,2023-03-07,23:45:00,
DAL392.DCA.ATL.230306.1505.0065.TFM,KDCA,KATL,2023-03-08 01:50:00,2023-03-07 17:03:00,DAL,2023-03-07 20:50:00,2023-03-07 12:03:00,0.0,3.0,527.0,2023-03-08,01:50:00,2023-03-07,20:50:00,
DAL2226.EWR.ATL.230306.2335.0060.TFM,KEWR,KATL,2023-03-08 02:00:00,2023-03-08 02:09:00,DAL,2023-03-07 21:00:00,2023-03-07 21:09:00,0.0,5.0,0.0,2023-03-08,02:00:00,2023-03-07,21:00:00,
DAL2606.SFO.LAX.230307.0125.0101.TFM,KSFO,KLAX,2023-03-08 02:33:00,2023-03-08 02:58:00,DAL,2023-03-07 21:33:00,2023-03-07 21:58:00,8.0,11.0,0.0,2023-03-08,02:33:00,2023-03-07,21:33:00,
DAL1574.BOS.LGA.230307.0315.0033.TFM,KBOS,KLGA,2023-03-08 04:41:00,2023-03-08 04:44:00,DAL,2023-03-07 23:41:00,2023-03-07 23:44:00,9.0,1.0,0.0,2023-03-08,04:41:00,2023-03-07,23:41:00,
DAL1386.BOS.JFK.230307.0155.0108.TFM,KBOS,KJFK,2023-03-08 03:36:00,2023-03-08 03:22:00,DAL,2023-03-07 22:36:00,2023-03-07 22:22:00,7.0,1.0,0.0,2023-03-08,03:36:00,2023-03-07,22:36:00,
DAL490.LGA.ATL.230306.2345.0131.TFM,KLGA,KATL,2023-03-08 02:35:00,2023-03-08 02:34:00,DAL,2023-03-07 21:35:00,2023-03-07 21:34:00,0.0,9.0,0.0,2023-03-08,02:35:00,2023-03-07,21:35:00,
DAL2464.ATL.JFK.230307.0245.0025.TFM,KATL,KJFK,2023-03-08 04:58:00,2023-03-08 04:59:00,DAL,2023-03-07 23:58:00,2023-03-07 23:59:00,7.0,0.0,0.0,2023-03-08,04:58:00,2023-03-07,23:58:00,
DAL519.ATL.DCA.230307.0325.0044.TFM,KATL,KDCA,2023-03-08 04:54:00,2023-03-08 04:59:00,DAL,2023-03-07 23:54:00,2023-03-07 23:59:00,3.0,0.0,0.0,2023-03-08,04:54:00,2023-03-07,23:54:00,
DAL2776.ATL.EWR.230307.0325.0042.TFM,KATL,KEWR,2023-03-08 05:22:00,2023-03-08 05:26:00,DAL,2023-03-08 00:22:00,2023-03-08 00:26:00,5.0,0.0,0.0,2023-03-08,05:22:00,2023-03-08,00:22:00,
DAL386.SEA.JFK.230306.2345.0147.TFM,KSEA,KJFK,2023-03-08 04:38:00,2023-03-08 04:59:00,DAL,2023-03-07 23:38:00,2023-03-07 23:59:00,7.0,10.0,0.0,2023-03-08,04:38:00,2023-03-07,23:38:00,
DAL399.ATL.LGA.230307.0145.0135.TFM,KATL,KLGA,2023-03-08 03:47:00,2023-03-08 03:55:00,DAL,2023-03-07 22:47:00,2023-03-07 22:55:00,9.0,0.0,0.0,2023-03-08,03:47:00,2023-03-07,22:47:00,
DAL875.LGA.ATL.230307.0105.0060.TFM,KLGA,KATL,2023-03-08 03:23:00,2023-03-08 03:50:00,DAL,2023-03-07 22:23:00,2023-03-07 22:50:00,0.0,9.0,0.0,2023-03-08,03:23:00,2023-03-07,22:23:00,
DAL995.DFW.BOS.230307.0120.0039.TFM,KDFW,KBOS,2023-03-08 04:39:00,2023-03-08 04:57:00,DAL,2023-03-07 23:39:00,2023-03-07 23:57:00,1.0,4.0,0.0,2023-03-08,04:39:00,2023-03-07,23:39:00,
DAL2703.SFO.SEA.230307.0050.0065.TFM,KSFO,KSEA,2023-03-08 02:41:00,2023-03-08 03:04:00,DAL,2023-03-07 21:41:00,2023-03-07 22:04:00,10.0,11.0,0.0,2023-03-08,02:41:00,2023-03-07,21:41:00,
DAL719.SFO.JFK.230306.2315.0053.TFM,KSFO,KJFK,2023-03-08 04:39:00,2023-03-08 04:33:00,DAL,2023-03-07 23:39:00,2023-03-07 23:33:00,7.0,11.0,0.0,2023-03-08,04:39:00,2023-03-07,23:39:00,
DAL357.JFK.SEA.230306.2330.0171.TFM,KJFK,KSEA,2023-03-08 06:11:00,2023-03-08 06:01:00,DAL,2023-03-08 01:11:00,2023-03-08 01:01:00,10.0,7.0,0.0,2023-03-08,06:11:00,2023-03-08,01:11:00,
DAL2029.JFK.BOS.230307.0255.0105.TFM,KJFK,KBOS,2023-03-08 04:31:00,2023-03-08 04:10:00,DAL,2023-03-07 23:31:00,2023-03-07 23:10:00,1.0,7.0,21.0,2023-03-08,04:31:00,2023-03-07,23:31:00,
DAL1551.LAX.SEA.230307.0330.0139.TFM,KLAX,KSEA,2023-03-08 06:00:00,2023-03-08 06:22:00,DAL,2023-03-08 01:00:00,2023-03-08 01:22:00,10.0,8.0,0.0,2023-03-08,06:00:00,2023-03-08,01:00:00,
DAL929.ATL.LGA.230307.0005.0249.TFM,KATL,KLGA,2023-03-08 02:23:00,2023-03-08 02:11:00,DAL,2023-03-07 21:23:00,2023-03-07 21:11:00,9.0,0.0,0.0,2023-03-08,02:23:00,2023-03-07,21:23:00,
DAL949.SEA.ATL.230307.2315.0069.TFM,KSEA,KATL,2023-03-09 03:37:00,2023-03-09 03:53:00,DAL,2023-03-08 22:37:00,2023-03-08 22:53:00,0.0,10.0,0.0,2023-03-09,03:37:00,2023-03-08,22:37:00,0.0
DAL2054.SFO.LAX.230307.0320.0029.TFM,KSFO,KLAX,2023-03-08 04:49:00,2023-03-08 04:49:00,DAL,2023-03-07 23:49:00,2023-03-07 23:49:00,8.0,11.0,0.0,2023-03-08,04:49:00,2023-03-07,23:49:00,
DAL950.ATL.SFO.230307.0100.0227.TFM,KATL,KSFO,2023-03-08 06:35:00,2023-03-08 06:26:00,DAL,2023-03-08 01:35:00,2023-03-08 01:26:00,11.0,0.0,0.0,2023-03-08,06:35:00,2023-03-08,01:35:00,
DAL966.ATL.LAX.230307.0125.0085.TFM,KATL,KLAX,2023-03-08 06:19:00,2023-03-08 06:25:00,DAL,2023-03-08 01:19:00,2023-03-08 01:25:00,8.0,0.0,0.0,2023-03-08,06:19:00,2023-03-08,01:19:00,
DAL2727.ATL.EWR.230307.0020.0121.TFM,KATL,KEWR,2023-03-08 02:42:00,2023-03-08 02:30:00,DAL,2023-03-07 21:42:00,2023-03-07 21:30:00,5.0,0.0,0.0,2023-03-08,02:42:00,2023-03-07,21:42:00,
DAL973.BOS.ATL.230307.0045.0124.TFM,KBOS,KATL,2023-03-08 04:13:00,2023-03-08 03:52:00,DAL,2023-03-07 23:13:00,2023-03-07 22:52:00,0.0,1.0,21.0,2023-03-08,04:13:00,2023-03-07,23:13:00,
DAL32.DFW.ATL.230307.0005.0262.TFM,KDFW,KATL,2023-03-08 01:48:00,2023-03-08 02:01:00,DAL,2023-03-07 20:48:00,2023-03-07 21:01:00,0.0,4.0,0.0,2023-03-08,01:48:00,2023-03-07,20:48:00,
DAL661.ATL.BOS.230307.0325.0069.TFM,KATL,KBOS,2023-03-08 05:55:00,2023-03-08 05:57:00,DAL,2023-03-08 00:55:00,2023-03-08 00:57:00,1.0,0.0,0.0,2023-03-08,05:55:00,2023-03-08,00:55:00,
DAL353.LAX.JFK.230307.0040.0081.TFM,KLAX,KJFK,2023-03-08 05:19:00,2023-03-08 05:55:00,DAL,2023-03-08 00:19:00,2023-03-08 00:55:00,7.0,8.0,0.0,2023-03-08,05:19:00,2023-03-08,00:19:00,
DAL343.ATL.DCA.230307.0205.0124.TFM,KATL,KDCA,2023-03-08 03:41:00,2023-03-08 03:44:00,DAL,2023-03-07 22:41:00,2023-03-07 22:44:00,3.0,0.0,0.0,2023-03-08,03:41:00,2023-03-07,22:41:00,
DAL2890.JFK.ATL.230307.2200.0171.TFM,KJFK,KATL,2023-03-09 00:12:00,2023-03-09 00:40:00,DAL,2023-03-08 19:12:00,2023-03-08 19:40:00,0.0,7.0,0.0,2023-03-09,00:12:00,2023-03-08,19:12:00,0.0
DAL1433.LGA.BOS.230307.0300.0046.TFM,KLGA,KBOS,2023-03-08 04:23:00,2023-03-08 04:07:00,DAL,2023-03-07 23:23:00,2023-03-07 23:07:00,1.0,9.0,16.0,2023-03-08,04:23:00,2023-03-07,23:23:00,
DAL1569.SEA.LAX.230307.0135.0040.TFM,KSEA,KLAX,2023-03-08 04:06:00,2023-03-08 04:10:00,DAL,2023-03-07 23:06:00,2023-03-07 23:10:00,8.0,10.0,0.0,2023-03-08,04:06:00,2023-03-07,23:06:00,
DAL1408.LGA.BOS.230307.0100.0123.TFM,KLGA,KBOS,2023-03-08 02:52:00,2023-03-08 02:19:00,DAL,2023-03-07 21:52:00,2023-03-07 21:19:00,1.0,9.0,33.0,2023-03-08,02:52:00,2023-03-07,21:52:00,
DAL687.DCA.ATL.230307.0200.0057.TFM,KDCA,KATL,2023-03-08 03:37:00,2023-03-08 04:00:00,DAL,2023-03-07 22:37:00,2023-03-07 23:00:00,0.0,3.0,0.0,2023-03-08,03:37:00,2023-03-07,22:37:00,
DAL1192.JFK.ATL.230307.0100.0155.TFM,KJFK,KATL,2023-03-08 03:44:00,2023-03-08 03:44:00,DAL,2023-03-07 22:44:00,2023-03-07 22:44:00,0.0,7.0,0.0,2023-03-08,03:44:00,2023-03-07,22:44:00,
DAL2549.ATL.IAD.230308.0110.0034.TFM,KATL,KIAD,2023-03-09 02:43:00,2023-03-09 02:49:00,DAL,2023-03-08 21:43:00,2023-03-08 21:49:00,6.0,0.0,0.0,2023-03-09,02:43:00,2023-03-08,21:43:00,0.0
DAL2054.LAX.SFO.230307.0100.0235.TFM,KLAX,KSFO,2023-03-08 02:05:00,2023-03-08 02:20:00,DAL,2023-03-07 21:05:00,2023-03-07 21:20:00,11.0,8.0,0.0,2023-03-08,02:05:00,2023-03-07,21:05:00,
DAL352.LAX.ATL.230307.0800.0034.TFM,KLAX,KATL,2023-03-08 12:17:00,2023-03-08 12:12:00,DAL,2023-03-08 07:17:00,2023-03-08 07:12:00,0.0,8.0,0.0,2023-03-08,12:17:00,2023-03-08,07:17:00,0.0
DAL1574.BOS.LGA.230308.0315.0062.TFM,KBOS,KLGA,2023-03-09 04:24:00,2023-03-09 04:44:00,DAL,2023-03-08 23:24:00,2023-03-08 23:44:00,9.0,1.0,0.0,2023-03-09,04:24:00,2023-03-08,23:24:00,0.0
DAL529.DFW.LAX.230307.2200.0175.TFM,KDFW,KLAX,2023-03-09 01:20:00,2023-03-09 01:35:00,DAL,2023-03-08 20:20:00,2023-03-08 20:35:00,8.0,4.0,0.0,2023-03-09,01:20:00,2023-03-08,20:20:00,0.0
DAL2192.BWI.ATL.230307.1225.0081.TFM,KBWI,KATL,2023-03-08 14:15:00,2023-03-08 14:35:00,DAL,2023-03-08 09:15:00,2023-03-08 09:35:00,0.0,2.0,0.0,2023-03-08,14:15:00,2023-03-08,09:15:00,0.0
DAL718.DFW.BOS.230307.1930.0129.TFM,KDFW,KBOS,2023-03-08 22:44:00,2023-03-08 23:03:00,DAL,2023-03-08 17:44:00,2023-03-08 18:03:00,1.0,4.0,0.0,2023-03-08,22:44:00,2023-03-08,17:44:00,0.0
DAL319.SFO.JFK.230307.1400.0348.TFM,KSFO,KJFK,2023-03-08 19:40:00,2023-03-08 19:30:00,DAL,2023-03-08 14:40:00,2023-03-08 14:30:00,7.0,11.0,0.0,2023-03-08,19:40:00,2023-03-08,14:40:00,0.0
DAL1312.SEA.LAX.230308.0400.0079.TFM,KSEA,KLAX,2023-03-09 06:21:00,2023-03-09 06:40:00,DAL,2023-03-09 01:21:00,2023-03-09 01:40:00,8.0,10.0,0.0,2023-03-09,06:21:00,2023-03-09,01:21:00,0.0
DAL1358.SEA.LAX.230307.2000.0186.TFM,KSEA,KLAX,2023-03-08 22:45:00,2023-03-08 22:47:00,DAL,2023-03-08 17:45:00,2023-03-08 17:47:00,8.0,10.0,0.0,2023-03-08,22:45:00,2023-03-08,17:45:00,0.0
DAL2799.ATL.BWI.230307.2320.0133.TFM,KATL,KBWI,2023-03-09 01:04:00,2023-03-09 01:05:00,DAL,2023-03-08 20:04:00,2023-03-08 20:05:00,2.0,0.0,0.0,2023-03-09,01:04:00,2023-03-08,20:04:00,0.0
DAL356.ATL.DCA.230308.0055.0082.TFM,KATL,KDCA,2023-03-09 02:43:00,2023-03-09 02:36:00,DAL,2023-03-08 21:43:00,2023-03-08 21:36:00,3.0,0.0,0.0,2023-03-09,02:43:00,2023-03-08,21:43:00,0.0
DAL316.ATL.DCA.230307.1440.0054.TFM,KATL,KDCA,2023-03-08 16:05:00,2023-03-08 16:19:00,DAL,2023-03-08 11:05:00,2023-03-08 11:19:00,3.0,0.0,0.0,2023-03-08,16:05:00,2023-03-08,11:05:00,0.0
DAL395.LAX.ATL.230307.0700.0039.TFM,KLAX,KATL,2023-03-08 10:53:00,2023-03-08 11:04:00,DAL,2023-03-08 05:53:00,2023-03-08 06:04:00,0.0,8.0,0.0,2023-03-08,10:53:00,2023-03-08,05:53:00,0.0
DAL396.LGA.ATL.230307.1850.0139.TFM,KLGA,KATL,2023-03-08 21:01:00,2023-03-08 21:31:00,DAL,2023-03-08 16:01:00,2023-03-08 16:31:00,0.0,9.0,0.0,2023-03-08,21:01:00,2023-03-08,16:01:00,0.0
DAL8789.ATL.BWI.230308.0220.0077.TFM,KATL,KBWI,2023-03-09 04:03:00,2023-03-09 04:09:00,DAL,2023-03-08 23:03:00,2023-03-08 23:09:00,2.0,0.0,0.0,2023-03-09,04:03:00,2023-03-08,23:03:00,0.0
DAL983.DFW.ATL.230307.1300.0332.TFM,KDFW,KATL,2023-03-08 14:46:00,2023-03-08 15:09:00,DAL,2023-03-08 09:46:00,2023-03-08 10:09:00,0.0,4.0,0.0,2023-03-08,14:46:00,2023-03-08,09:46:00,0.0
DAL419.ATL.LGA.230307.2020.0046.TFM,KATL,KLGA,2023-03-08 22:23:00,2023-03-08 22:35:00,DAL,2023-03-08 17:23:00,2023-03-08 17:35:00,9.0,0.0,0.0,2023-03-08,22:23:00,2023-03-08,17:23:00,0.0
DAL591.LAX.ATL.230307.1500.0211.TFM,KLAX,KATL,2023-03-08 18:55:00,2023-03-08 19:10:00,DAL,2023-03-08 13:55:00,2023-03-08 14:10:00,0.0,8.0,0.0,2023-03-08,18:55:00,2023-03-08,13:55:00,0.0
DAL1408.LGA.BOS.230308.0100.0195.TFM,KLGA,KBOS,2023-03-09 02:12:00,2023-03-09 02:19:00,DAL,2023-03-08 21:12:00,2023-03-08 21:19:00,1.0,9.0,0.0,2023-03-09,02:12:00,2023-03-08,21:12:00,0.0
DAL697.ATL.SEA.230307.1510.0133.TFM,KATL,KSEA,2023-03-08 20:37:00,2023-03-08 20:50:00,DAL,2023-03-08 15:37:00,2023-03-08 15:50:00,10.0,0.0,0.0,2023-03-08,20:37:00,2023-03-08,15:37:00,0.0
DAL536.JFK.LAX.230307.1700.0118.TFM,KJFK,KLAX,2023-03-08 23:32:00,2023-03-08 23:23:00,DAL,2023-03-08 18:32:00,2023-03-08 18:23:00,8.0,7.0,0.0,2023-03-08,23:32:00,2023-03-08,18:32:00,0.0
DAL315.SFO.JFK.230307.0630.0028.TFM,KSFO,KJFK,2023-03-08 11:33:00,2023-03-08 11:48:00,DAL,2023-03-08 06:33:00,2023-03-08 06:48:00,7.0,11.0,0.0,2023-03-08,11:33:00,2023-03-08,06:33:00,0.0
DAL741.ATL.SEA.230308.0215.0120.TFM,KATL,KSEA,2023-03-09 07:53:00,2023-03-09 07:47:00,DAL,2023-03-09 02:53:00,2023-03-09 02:47:00,10.0,0.0,0.0,2023-03-09,07:53:00,2023-03-09,02:53:00,0.0
DAL2178.ATL.EWR.230307.1550.0057.TFM,KATL,KEWR,2023-03-08 17:45:00,2023-03-08 17:57:00,DAL,2023-03-08 12:45:00,2023-03-08 12:57:00,5.0,0.0,0.0,2023-03-08,17:45:00,2023-03-08,12:45:00,0.0
DAL323.JFK.SFO.230307.0240.0045.TFM,KJFK,KSFO,2023-03-08 09:41:00,2023-03-08 09:27:00,DAL,2023-03-08 04:41:00,2023-03-08 04:27:00,11.0,7.0,0.0,2023-03-08,09:41:00,2023-03-08,04:41:00,0.0
DAL537.LAX.ATL.230307.2200.0180.TFM,KLAX,KATL,2023-03-09 02:14:00,2023-03-09 02:10:00,DAL,2023-03-08 21:14:00,2023-03-08 21:10:00,0.0,8.0,0.0,2023-03-09,02:14:00,2023-03-08,21:14:00,0.0
DAL1507.LAX.SEA.230307.2130.0219.TFM,KLAX,KSEA,2023-03-09 00:05:00,2023-03-09 00:22:00,DAL,2023-03-08 19:05:00,2023-03-08 19:22:00,10.0,8.0,0.0,2023-03-09,00:05:00,2023-03-08,19:05:00,0.0
DAL665.DCA.ATL.230308.0000.0134.TFM,KDCA,KATL,2023-03-09 01:54:00,2023-03-09 02:00:00,DAL,2023-03-08 20:54:00,2023-03-08 21:00:00,0.0,3.0,0.0,2023-03-09,01:54:00,2023-03-08,20:54:00,0.0
DAL2332.ATL.IAD.230307.1220.0058.TFM,KATL,KIAD,2023-03-08 13:53:00,2023-03-08 14:05:00,DAL,2023-03-08 08:53:00,2023-03-08 09:05:00,6.0,0.0,0.0,2023-03-08,13:53:00,2023-03-08,08:53:00,0.0
DAL778.DFW.LGA.230307.1205.0140.TFM,KDFW,KLGA,2023-03-08 15:06:00,2023-03-08 15:28:00,DAL,2023-03-08 10:06:00,2023-03-08 10:28:00,9.0,4.0,0.0,2023-03-08,15:06:00,2023-03-08,10:06:00,0.0
DAL2581.SFO.LAX.230307.1905.0128.TFM,KSFO,KLAX,2023-03-08 20:38:00,2023-03-08 20:38:00,DAL,2023-03-08 15:38:00,2023-03-08 15:38:00,8.0,11.0,0.0,2023-03-08,20:38:00,2023-03-08,15:38:00,0.0
DAL527.LAX.ATL.230307.0900.0027.TFM,KLAX,KATL,2023-03-08 13:00:00,2023-03-08 13:08:00,DAL,2023-03-08 08:00:00,2023-03-08 08:08:00,0.0,8.0,0.0,2023-03-08,13:00:00,2023-03-08,08:00:00,0.0
DAL848.LGA.ATL.230307.1650.0026.TFM,KLGA,KATL,2023-03-08 19:08:00,2023-03-08 19:35:00,DAL,2023-03-08 14:08:00,2023-03-08 14:35:00,0.0,9.0,0.0,2023-03-08,19:08:00,2023-03-08,14:08:00,0.0
DAL568.LAX.DFW.230308.0240.0033.TFM,KLAX,KDFW,2023-03-09 05:23:00,2023-03-09 05:37:00,DAL,2023-03-09 00:23:00,2023-03-09 00:37:00,4.0,8.0,0.0,2023-03-09,05:23:00,2023-03-09,00:23:00,0.0
DAL2332.IAD.ATL.230307.1500.0185.TFM,KIAD,KATL,2023-03-08 16:34:00,2023-03-08 16:47:00,DAL,2023-03-08 11:34:00,2023-03-08 11:47:00,0.0,6.0,0.0,2023-03-08,16:34:00,2023-03-08,11:34:00,0.0
DAL2606.SFO.LAX.230308.0125.0105.TFM,KSFO,KLAX,2023-03-09 02:34:00,2023-03-09 02:58:00,DAL,2023-03-08 21:34:00,2023-03-08 21:58:00,8.0,11.0,0.0,2023-03-09,02:34:00,2023-03-08,21:34:00,0.0
DAL2488.LGA.ATL.230308.0220.0071.TFM,KLGA,KATL,2023-03-09 04:39:00,2023-03-09 04:59:00,DAL,2023-03-08 23:39:00,2023-03-08 23:59:00,0.0,9.0,0.0,2023-03-09,04:39:00,2023-03-08,23:39:00,0.0
DAL995.BOS.DFW.230307.1945.0132.TFM,KBOS,KDFW,2023-03-09 00:10:00,2023-03-09 00:24:00,DAL,2023-03-08 19:10:00,2023-03-08 19:24:00,4.0,1.0,0.0,2023-03-09,00:10:00,2023-03-08,19:10:00,0.0
DAL2703.SFO.SEA.230308.0050.0130.TFM,KSFO,KSEA,2023-03-09 03:06:00,2023-03-09 03:04:00,DAL,2023-03-08 22:06:00,2023-03-08 22:04:00,10.0,11.0,0.0,2023-03-09,03:06:00,2023-03-08,22:06:00,0.0
DAL962.LGA.ATL.230307.2200.0263.TFM,KLGA,KATL,2023-03-09 00:32:00,2023-03-09 00:47:00,DAL,2023-03-08 19:32:00,2023-03-08 19:47:00,0.0,9.0,0.0,2023-03-09,00:32:00,2023-03-08,19:32:00,0.0
DAL2226.EWR.ATL.230307.2335.0123.TFM,KEWR,KATL,2023-03-09 01:46:00,2023-03-09 02:09:00,DAL,2023-03-08 20:46:00,2023-03-08 21:09:00,0.0,5.0,0.0,2023-03-09,01:46:00,2023-03-08,20:46:00,0.0
DAL2643.ATL.BWI.230307.2010.0046.TFM,KATL,KBWI,2023-03-08 21:41:00,2023-03-08 21:56:00,DAL,2023-03-08 16:41:00,2023-03-08 16:56:00,2.0,0.0,0.0,2023-03-08,21:41:00,2023-03-08,16:41:00,0.0
DAL2054.LAX.SFO.230308.0100.0176.TFM,KLAX,KSFO,2023-03-09 02:01:00,2023-03-09 02:20:00,DAL,2023-03-08 21:01:00,2023-03-08 21:20:00,11.0,8.0,0.0,2023-03-09,02:01:00,2023-03-08,21:01:00,0.0
DAL385.BOS.ATL.230307.2215.0159.TFM,KBOS,KATL,2023-03-09 00:56:00,2023-03-09 01:22:00,DAL,2023-03-08 19:56:00,2023-03-08 20:22:00,0.0,1.0,0.0,2023-03-09,00:56:00,2023-03-08,19:56:00,0.0
DAL685.JFK.LAX.230307.1845.0113.TFM,KJFK,KLAX,2023-03-09 01:07:00,2023-03-09 01:10:00,DAL,2023-03-08 20:07:00,2023-03-08 20:10:00,8.0,7.0,0.0,2023-03-09,01:07:00,2023-03-08,20:07:00,0.0
DAL995.DFW.BOS.230308.0120.0083.TFM,KDFW,KBOS,2023-03-09 04:58:00,2023-03-09 04:57:00,DAL,2023-03-08 23:58:00,2023-03-08 23:57:00,1.0,4.0,0.0,2023-03-09,04:58:00,2023-03-08,23:58:00,0.0
DAL2614.SFO.LAX.230307.1630.0121.TFM,KSFO,KLAX,2023-03-08 17:30:00,2023-03-08 18:00:00,DAL,2023-03-08 12:30:00,2023-03-08 13:00:00,8.0,11.0,0.0,2023-03-08,17:30:00,2023-03-08,12:30:00,0.0
DAL898.ATL.LAX.230307.1330.0155.TFM,KATL,KLAX,2023-03-08 18:28:00,2023-03-08 18:39:00,DAL,2023-03-08 13:28:00,2023-03-08 13:39:00,8.0,0.0,0.0,2023-03-08,18:28:00,2023-03-08,13:28:00,0.0
DAL793.ATL.LGA.230307.1315.0115.TFM,KATL,KLGA,2023-03-08 15:23:00,2023-03-08 15:25:00,DAL,2023-03-08 10:23:00,2023-03-08 10:25:00,9.0,0.0,0.0,2023-03-08,15:23:00,2023-03-08,10:23:00,0.0
DAL1305.EWR.ATL.230307.2230.0096.TFM,KEWR,KATL,2023-03-09 01:11:00,2023-03-09 01:00:00,DAL,2023-03-08 20:11:00,2023-03-08 20:00:00,0.0,5.0,0.0,2023-03-09,01:11:00,2023-03-08,20:11:00,0.0
DAL1265.BWI.ATL.230307.1715.0103.TFM,KBWI,KATL,2023-03-08 18:56:00,2023-03-08 19:14:00,DAL,2023-03-08 13:56:00,2023-03-08 14:14:00,0.0,2.0,0.0,2023-03-08,18:56:00,2023-03-08,13:56:00,0.0
DAL999.JFK.LAX.230307.1500.0181.TFM,KJFK,KLAX,2023-03-08 21:30:00,2023-03-08 21:25:00,DAL,2023-03-08 16:30:00,2023-03-08 16:25:00,8.0,7.0,0.0,2023-03-08,21:30:00,2023-03-08,16:30:00,0.0
DAL721.SFO.ATL.230307.2140.0105.TFM,KSFO,KATL,2023-03-09 01:50:00,2023-03-09 02:10:00,DAL,2023-03-08 20:50:00,2023-03-08 21:10:00,0.0,11.0,0.0,2023-03-09,01:50:00,2023-03-08,20:50:00,0.0
DAL875.LGA.ATL.230308.0105.0026.TFM,KLGA,KATL,2023-03-09 03:52:00,2023-03-09 03:50:00,DAL,2023-03-08 22:52:00,2023-03-08 22:50:00,0.0,9.0,0.0,2023-03-09,03:52:00,2023-03-08,22:52:00,0.0
DAL482.JFK.LAX.230307.1345.0088.TFM,KJFK,KLAX,2023-03-08 21:10:00,2023-03-08 20:20:00,DAL,2023-03-08 16:10:00,2023-03-08 15:20:00,8.0,7.0,50.0,2023-03-08,21:10:00,2023-03-08,16:10:00,50.0
DAL426.SEA.JFK.230307.0645.0035.TFM,KSEA,KJFK,2023-03-08 11:46:00,2023-03-08 12:00:00,DAL,2023-03-08 06:46:00,2023-03-08 07:00:00,7.0,10.0,0.0,2023-03-08,11:46:00,2023-03-08,06:46:00,0.0
DAL655.SEA.ATL.230307.1400.0377.TFM,KSEA,KATL,2023-03-08 18:30:00,2023-03-08 18:38:00,DAL,2023-03-08 13:30:00,2023-03-08 13:38:00,0.0,10.0,0.0,2023-03-08,18:30:00,2023-03-08,13:30:00,0.0
DAL1305.ATL.EWR.230307.1925.0061.TFM,KATL,KEWR,2023-03-08 21:39:00,2023-03-08 21:27:00,DAL,2023-03-08 16:39:00,2023-03-08 16:27:00,5.0,0.0,0.0,2023-03-08,21:39:00,2023-03-08,16:39:00,0.0
DAL316.DCA.ATL.230307.1720.0022.TFM,KDCA,KATL,2023-03-08 19:06:00,2023-03-08 19:23:00,DAL,2023-03-08 14:06:00,2023-03-08 14:23:00,0.0,3.0,0.0,2023-03-08,19:06:00,2023-03-08,14:06:00,0.0
DAL363.BOS.ATL.230307.1720.0024.TFM,KBOS,KATL,2023-03-08 20:10:00,2023-03-08 20:19:00,DAL,2023-03-08 15:10:00,2023-03-08 15:19:00,0.0,1.0,0.0,2023-03-08,20:10:00,2023-03-08,15:10:00,0.0
DAL446.ATL.LGA.230307.1840.0109.TFM,KATL,KLGA,2023-03-08 20:55:00,2023-03-08 20:49:00,DAL,2023-03-08 15:55:00,2023-03-08 15:49:00,9.0,0.0,0.0,2023-03-08,20:55:00,2023-03-08,15:55:00,0.0
DAL528.ATL.LGA.230307.1715.0132.TFM,KATL,KLGA,2023-03-08 19:22:00,2023-03-08 19:27:00,DAL,2023-03-08 14:22:00,2023-03-08 14:27:00,9.0,0.0,0.0,2023-03-08,19:22:00,2023-03-08,14:22:00,0.0
DAL333.DFW.LGA.230307.0140.0063.TFM,KDFW,KLGA,2023-03-08 04:40:00,2023-03-08 04:59:00,DAL,2023-03-07 23:40:00,2023-03-07 23:59:00,9.0,4.0,0.0,2023-03-08,04:40:00,2023-03-07,23:40:00,
DAL2985.LAX.SFO.230308.0545.0033.TFM,KLAX,KSFO,2023-03-09 06:54:00,2023-03-09 07:05:00,DAL,2023-03-09 01:54:00,2023-03-09 02:05:00,11.0,8.0,0.0,2023-03-09,06:54:00,2023-03-09,01:54:00,0.0
DAL462.LGA.ATL.230307.1440.0067.TFM,KLGA,KATL,2023-03-08 17:00:00,2023-03-08 17:30:00,DAL,2023-03-08 12:00:00,2023-03-08 12:30:00,0.0,9.0,0.0,2023-03-08,17:00:00,2023-03-08,12:00:00,0.0
DAL839.ATL.DFW.230307.1215.0069.TFM,KATL,KDFW,2023-03-08 14:32:00,2023-03-08 14:46:00,DAL,2023-03-08 09:32:00,2023-03-08 09:46:00,4.0,0.0,0.0,2023-03-08,14:32:00,2023-03-08,09:32:00,0.0
DAL2888.SEA.SFO.230307.1520.0074.TFM,KSEA,KSFO,2023-03-08 17:51:00,2023-03-08 17:36:00,DAL,2023-03-08 12:51:00,2023-03-08 12:36:00,11.0,10.0,0.0,2023-03-08,17:51:00,2023-03-08,12:51:00,0.0
DAL2820.ATL.IAD.230307.1510.0125.TFM,KATL,KIAD,2023-03-08 16:45:00,2023-03-08 16:57:00,DAL,2023-03-08 11:45:00,2023-03-08 11:57:00,6.0,0.0,0.0,2023-03-08,16:45:00,2023-03-08,11:45:00,0.0
DAL2644.EWR.ATL.230307.1705.0045.TFM,KEWR,KATL,2023-03-08 19:08:00,2023-03-08 19:23:00,DAL,2023-03-08 14:08:00,2023-03-08 14:23:00,0.0,5.0,0.0,2023-03-08,19:08:00,2023-03-08,14:08:00,0.0
DAL665.ATL.DCA.230307.2110.0123.TFM,KATL,KDCA,2023-03-08 22:45:00,2023-03-08 22:48:00,DAL,2023-03-08 17:45:00,2023-03-08 17:48:00,3.0,0.0,0.0,2023-03-08,22:45:00,2023-03-08,17:45:00,0.0
DAL457.ATL.LAX.230307.1610.0125.TFM,KATL,KLAX,2023-03-08 21:12:00,2023-03-08 21:17:00,DAL,2023-03-08 16:12:00,2023-03-08 16:17:00,8.0,0.0,0.0,2023-03-08,21:12:00,2023-03-08,16:12:00,50.0
DAL2581.LAX.SFO.230307.1630.0134.TFM,KLAX,KSFO,2023-03-08 18:24:00,2023-03-08 18:02:00,DAL,2023-03-08 13:24:00,2023-03-08 13:02:00,11.0,8.0,22.0,2023-03-08,18:24:00,2023-03-08,13:24:00,22.0
DAL950.ATL.SFO.230308.0100.0171.TFM,KATL,KSFO,2023-03-09 06:26:00,2023-03-09 06:26:00,DAL,2023-03-09 01:26:00,2023-03-09 01:26:00,11.0,0.0,0.0,2023-03-09,06:26:00,2023-03-09,01:26:00,22.0
DAL330.DFW.JFK.230307.1410.0051.TFM,KDFW,KJFK,2023-03-08 20:26:00,2023-03-08 17:31:00,DAL,2023-03-08 15:26:00,2023-03-08 12:31:00,7.0,4.0,175.0,2023-03-08,20:26:00,2023-03-08,15:26:00,175.0
DAL538.LAX.JFK.230307.1400.0384.TFM,KLAX,KJFK,2023-03-08 19:10:00,2023-03-08 19:20:00,DAL,2023-03-08 14:10:00,2023-03-08 14:20:00,7.0,8.0,0.0,2023-03-08,19:10:00,2023-03-08,14:10:00,175.0
DAL514.LGA.ATL.230307.1750.0052.TFM,KLGA,KATL,2023-03-08 20:15:00,2023-03-08 20:31:00,DAL,2023-03-08 15:15:00,2023-03-08 15:31:00,0.0,9.0,0.0,2023-03-08,20:15:00,2023-03-08,15:15:00,0.0
DAL791.DFW.LGA.230307.2245.0033.TFM,KDFW,KLGA,2023-03-09 02:44:00,2023-03-09 02:04:00,DAL,2023-03-08 21:44:00,2023-03-08 21:04:00,9.0,4.0,40.0,2023-03-09,02:44:00,2023-03-08,21:44:00,40.0
DAL687.ATL.DCA.230307.2255.0077.TFM,KATL,KDCA,2023-03-09 00:21:00,2023-03-09 00:35:00,DAL,2023-03-08 19:21:00,2023-03-08 19:35:00,3.0,0.0,0.0,2023-03-09,00:21:00,2023-03-08,19:21:00,0.0
DAL327.ATL.BOS.230307.1225.0033.TFM,KATL,KBOS,2023-03-08 14:50:00,2023-03-08 15:02:00,DAL,2023-03-08 09:50:00,2023-03-08 10:02:00,1.0,0.0,0.0,2023-03-08,14:50:00,2023-03-08,09:50:00,0.0
DAL503.BOS.ATL.230307.1515.0164.TFM,KBOS,KATL,2023-03-08 17:45:00,2023-03-08 18:16:00,DAL,2023-03-08 12:45:00,2023-03-08 13:16:00,0.0,1.0,0.0,2023-03-08,17:45:00,2023-03-08,12:45:00,0.0
DAL674.ATL.BOS.230307.2100.0167.TFM,KATL,KBOS,2023-03-08 23:29:00,2023-03-08 23:35:00,DAL,2023-03-08 18:29:00,2023-03-08 18:35:00,1.0,0.0,0.0,2023-03-08,23:29:00,2023-03-08,18:29:00,0.0
DAL334.BOS.ATL.230307.2025.0073.TFM,KBOS,KATL,2023-03-08 23:27:00,2023-03-08 23:29:00,DAL,2023-03-08 18:27:00,2023-03-08 18:29:00,0.0,1.0,0.0,2023-03-08,23:27:00,2023-03-08,18:27:00,0.0
DAL759.DCA.ATL.230307.2000.0233.TFM,KDCA,KATL,2023-03-08 21:52:00,2023-03-08 22:01:00,DAL,2023-03-08 16:52:00,2023-03-08 17:01:00,0.0,3.0,0.0,2023-03-08,21:52:00,2023-03-08,16:52:00,0.0
DAL380.LAX.DCA.230307.1620.0058.TFM,KLAX,KDCA,2023-03-08 20:59:00,2023-03-08 21:10:00,DAL,2023-03-08 15:59:00,2023-03-08 16:10:00,3.0,8.0,0.0,2023-03-08,20:59:00,2023-03-08,15:59:00,0.0
DAL855.ATL.BOS.230307.1515.0160.TFM,KATL,KBOS,2023-03-08 17:41:00,2023-03-08 17:53:00,DAL,2023-03-08 12:41:00,2023-03-08 12:53:00,1.0,0.0,0.0,2023-03-08,17:41:00,2023-03-08,12:41:00,0.0
DAL713.BOS.LAX.230308.0005.0096.TFM,KBOS,KLAX,2023-03-09 06:54:00,2023-03-09 06:50:00,DAL,2023-03-09 01:54:00,2023-03-09 01:50:00,8.0,1.0,0.0,2023-03-09,06:54:00,2023-03-09,01:54:00,50.0
DAL379.JFK.ATL.230307.2040.0124.TFM,KJFK,KATL,2023-03-09 00:00:00,2023-03-08 23:24:00,DAL,2023-03-08 19:00:00,2023-03-08 18:24:00,0.0,7.0,36.0,2023-03-09,00:00:00,2023-03-08,19:00:00,36.0
DAL2841.SFO.LAX.230307.1400.0393.TFM,KSFO,KLAX,2023-03-08 15:27:00,2023-03-08 15:30:00,DAL,2023-03-08 10:27:00,2023-03-08 10:30:00,8.0,11.0,0.0,2023-03-08,15:27:00,2023-03-08,10:27:00,50.0
DAL2272.LAX.SFO.230307.1910.0048.TFM,KLAX,KSFO,2023-03-08 20:28:00,2023-03-08 20:37:00,DAL,2023-03-08 15:28:00,2023-03-08 15:37:00,11.0,8.0,0.0,2023-03-08,20:28:00,2023-03-08,15:28:00,22.0
DAL810.SEA.BOS.230307.0640.0017.TFM,KSEA,KBOS,2023-03-08 11:42:00,2023-03-08 11:50:00,DAL,2023-03-08 06:42:00,2023-03-08 06:50:00,1.0,10.0,0.0,2023-03-08,11:42:00,2023-03-08,06:42:00,0.0
DAL2590.ATL.BWI.230307.1225.0075.TFM,KATL,KBWI,2023-03-08 14:05:00,2023-03-08 14:16:00,DAL,2023-03-08 09:05:00,2023-03-08 09:16:00,2.0,0.0,0.0,2023-03-08,14:05:00,2023-03-08,09:05:00,0.0
DAL1535.DFW.JFK.230307.1715.0089.TFM,KDFW,KJFK,2023-03-08 21:37:00,2023-03-08 20:40:00,DAL,2023-03-08 16:37:00,2023-03-08 15:40:00,7.0,4.0,57.0,2023-03-08,21:37:00,2023-03-08,16:37:00,232.0
DAL964.LAX.ATL.230307.1600.0155.TFM,KLAX,KATL,2023-03-08 20:04:00,2023-03-08 20:11:00,DAL,2023-03-08 15:04:00,2023-03-08 15:11:00,0.0,8.0,0.0,2023-03-08,20:04:00,2023-03-08,15:04:00,36.0
DAL414.DFW.ATL.230307.1805.0103.TFM,KDFW,KATL,2023-03-08 19:54:00,2023-03-08 20:06:00,DAL,2023-03-08 14:54:00,2023-03-08 15:06:00,0.0,4.0,0.0,2023-03-08,19:54:00,2023-03-08,14:54:00,36.0
DAL846.LGA.ATL.230307.2050.0075.TFM,KLGA,KATL,2023-03-08 23:23:00,2023-03-08 23:36:00,DAL,2023-03-08 18:23:00,2023-03-08 18:36:00,0.0,9.0,0.0,2023-03-08,23:23:00,2023-03-08,18:23:00,36.0
DAL2614.LAX.SFO.230307.1400.0350.TFM,KLAX,KSFO,2023-03-08 15:10:00,2023-03-08 15:26:00,DAL,2023-03-08 10:10:00,2023-03-08 10:26:00,11.0,8.0,0.0,2023-03-08,15:10:00,2023-03-08,10:10:00,22.0
DAL690.SFO.ATL.230307.1415.0060.TFM,KSFO,KATL,2023-03-08 18:44:00,2023-03-08 18:48:00,DAL,2023-03-08 13:44:00,2023-03-08 13:48:00,0.0,11.0,0.0,2023-03-08,18:44:00,2023-03-08,13:44:00,36.0
DAL747.SEA.JFK.230307.1515.0165.TFM,KSEA,KJFK,2023-03-08 20:13:00,2023-03-08 20:29:00,DAL,2023-03-08 15:13:00,2023-03-08 15:29:00,7.0,10.0,0.0,2023-03-08,20:13:00,2023-03-08,15:13:00,232.0
DAL562.LAX.JFK.230307.1945.0164.TFM,KLAX,KJFK,2023-03-09 01:01:00,2023-03-09 01:15:00,DAL,2023-03-08 20:01:00,2023-03-08 20:15:00,7.0,8.0,0.0,2023-03-09,01:01:00,2023-03-08,20:01:00,232.0
DAL1625.ATL.JFK.230307.1500.0148.TFM,KATL,KJFK,2023-03-08 17:21:00,2023-03-08 17:16:00,DAL,2023-03-08 12:21:00,2023-03-08 12:16:00,7.0,0.0,0.0,2023-03-08,17:21:00,2023-03-08,12:21:00,232.0
DAL540.BOS.ATL.230307.1315.0146.TFM,KBOS,KATL,2023-03-08 16:05:00,2023-03-08 16:23:00,DAL,2023-03-08 11:05:00,2023-03-08 11:23:00,0.0,1.0,0.0,2023-03-08,16:05:00,2023-03-08,11:05:00,36.0
DAL927.ATL.LGA.230307.1415.0024.TFM,KATL,KLGA,2023-03-08 16:23:00,2023-03-08 16:26:00,DAL,2023-03-08 11:23:00,2023-03-08 11:26:00,9.0,0.0,0.0,2023-03-08,16:23:00,2023-03-08,11:23:00,40.0
DAL333.LGA.DFW.230307.2020.0038.TFM,KLGA,KDFW,2023-03-09 00:36:00,2023-03-09 00:45:00,DAL,2023-03-08 19:36:00,2023-03-08 19:45:00,4.0,9.0,0.0,2023-03-09,00:36:00,2023-03-08,19:36:00,0.0
DAL360.ATL.BOS.230308.0025.0124.TFM,KATL,KBOS,2023-03-09 02:54:00,2023-03-09 02:58:00,DAL,2023-03-08 21:54:00,2023-03-08 21:58:00,1.0,0.0,0.0,2023-03-09,02:54:00,2023-03-08,21:54:00,0.0
DAL1714.LAX.SEA.230307.1800.0235.TFM,KLAX,KSEA,2023-03-08 20:47:00,2023-03-08 20:55:00,DAL,2023-03-08 15:47:00,2023-03-08 15:55:00,10.0,8.0,0.0,2023-03-08,20:47:00,2023-03-08,15:47:00,0.0
DAL865.BOS.LGA.230307.2200.0287.TFM,KBOS,KLGA,2023-03-08 23:37:00,2023-03-08 23:34:00,DAL,2023-03-08 18:37:00,2023-03-08 18:34:00,9.0,1.0,0.0,2023-03-08,23:37:00,2023-03-08,18:37:00,40.0
DAL575.LAX.JFK.230307.2145.0135.TFM,KLAX,KJFK,2023-03-09 03:16:00,2023-03-09 02:59:00,DAL,2023-03-08 22:16:00,2023-03-08 21:59:00,7.0,8.0,17.0,2023-03-09,03:16:00,2023-03-08,22:16:00,249.0
DAL392.ATL.DCA.230307.1215.0095.TFM,KATL,KDCA,2023-03-08 14:07:00,2023-03-08 14:00:00,DAL,2023-03-08 09:07:00,2023-03-08 09:00:00,3.0,0.0,0.0,2023-03-08,14:07:00,2023-03-08,09:07:00,0.0
DAL471.ATL.LAX.230307.1100.0309.TFM,KATL,KLAX,2023-03-08 15:57:00,2023-03-08 16:04:00,DAL,2023-03-08 10:57:00,2023-03-08 11:04:00,8.0,0.0,0.0,2023-03-08,15:57:00,2023-03-08,10:57:00,50.0
DAL2575.EWR.ATL.230307.1305.0071.TFM,KEWR,KATL,2023-03-08 15:15:00,2023-03-08 15:40:00,DAL,2023-03-08 10:15:00,2023-03-08 10:40:00,0.0,5.0,0.0,2023-03-08,15:15:00,2023-03-08,10:15:00,36.0
DAL2550.IAD.ATL.230307.1100.0166.TFM,KIAD,KATL,2023-03-08 12:43:00,2023-03-08 12:58:00,DAL,2023-03-08 07:43:00,2023-03-08 07:58:00,0.0,6.0,0.0,2023-03-08,12:43:00,2023-03-08,07:43:00,36.0
DAL2902.ATL.IAD.230307.2120.0154.TFM,KATL,KIAD,2023-03-08 22:50:00,2023-03-08 22:56:00,DAL,2023-03-08 17:50:00,2023-03-08 17:56:00,6.0,0.0,0.0,2023-03-08,22:50:00,2023-03-08,17:50:00,0.0
DAL664.JFK.SFO.230307.1200.0362.TFM,KJFK,KSFO,2023-03-08 18:40:00,2023-03-08 18:50:00,DAL,2023-03-08 13:40:00,2023-03-08 13:50:00,11.0,7.0,0.0,2023-03-08,18:40:00,2023-03-08,13:40:00,22.0
DAL2820.IAD.ATL.230307.1755.0044.TFM,KIAD,KATL,2023-03-08 19:16:00,2023-03-08 19:50:00,DAL,2023-03-08 14:16:00,2023-03-08 14:50:00,0.0,6.0,0.0,2023-03-08,19:16:00,2023-03-08,14:16:00,36.0
DAL513.DCA.ATL.230307.1100.0276.TFM,KDCA,KATL,2023-03-08 12:59:00,2023-03-08 13:02:00,DAL,2023-03-08 07:59:00,2023-03-08 08:02:00,0.0,3.0,0.0,2023-03-08,12:59:00,2023-03-08,07:59:00,36.0
DAL897.ATL.LAX.230307.2335.0067.TFM,KATL,KLAX,2023-03-09 04:36:00,2023-03-09 04:36:00,DAL,2023-03-08 23:36:00,2023-03-08 23:36:00,8.0,0.0,0.0,2023-03-09,04:36:00,2023-03-08,23:36:00,50.0
DAL2644.ATL.EWR.230307.1405.0073.TFM,KATL,KEWR,2023-03-08 16:08:00,2023-03-08 16:06:00,DAL,2023-03-08 11:08:00,2023-03-08 11:06:00,5.0,0.0,0.0,2023-03-08,16:08:00,2023-03-08,11:08:00,0.0
DAL695.BOS.ATL.230307.1050.0034.TFM,KBOS,KATL,2023-03-08 13:35:00,2023-03-08 14:02:00,DAL,2023-03-08 08:35:00,2023-03-08 09:02:00,0.0,1.0,0.0,2023-03-08,13:35:00,2023-03-08,08:35:00,36.0
DAL738.LAX.DFW.230307.1640.0060.TFM,KLAX,KDFW,2023-03-08 19:52:00,2023-03-08 19:42:00,DAL,2023-03-08 14:52:00,2023-03-08 14:42:00,4.0,8.0,0.0,2023-03-08,19:52:00,2023-03-08,14:52:00,0.0
DAL1598.SEA.LAX.230307.1510.0047.TFM,KSEA,KLAX,2023-03-08 17:36:00,2023-03-08 17:51:00,DAL,2023-03-08 12:36:00,2023-03-08 12:51:00,8.0,10.0,0.0,2023-03-08,17:36:00,2023-03-08,12:36:00,50.0
DAL550.LGA.DFW.230307.1325.0064.TFM,KLGA,KDFW,2023-03-08 17:34:00,2023-03-08 17:58:00,DAL,2023-03-08 12:34:00,2023-03-08 12:58:00,4.0,9.0,0.0,2023-03-08,17:34:00,2023-03-08,12:34:00,0.0
DAL2049.JFK.ATL.230307.1115.0056.TFM,KJFK,KATL,2023-03-08 13:55:00,2023-03-08 13:53:00,DAL,2023-03-08 08:55:00,2023-03-08 08:53:00,0.0,7.0,0.0,2023-03-08,13:55:00,2023-03-08,08:55:00,36.0
DAL719.JFK.SFO.230307.1510.0078.TFM,KJFK,KSFO,2023-03-08 21:54:00,2023-03-08 22:00:00,DAL,2023-03-08 16:54:00,2023-03-08 17:00:00,11.0,7.0,0.0,2023-03-08,21:54:00,2023-03-08,16:54:00,22.0
DAL476.ATL.LGA.230307.1215.0097.TFM,KATL,KLGA,2023-03-08 14:36:00,2023-03-08 14:30:00,DAL,2023-03-08 09:36:00,2023-03-08 09:30:00,9.0,0.0,0.0,2023-03-08,14:36:00,2023-03-08,09:36:00,40.0
DAL2427.BWI.ATL.230307.1100.0151.TFM,KBWI,KATL,2023-03-08 12:46:00,2023-03-08 13:06:00,DAL,2023-03-08 07:46:00,2023-03-08 08:06:00,0.0,2.0,0.0,2023-03-08,12:46:00,2023-03-08,07:46:00,36.0
DAL839.DFW.ATL.230307.1600.0146.TFM,KDFW,KATL,2023-03-08 17:51:00,2023-03-08 17:59:00,DAL,2023-03-08 12:51:00,2023-03-08 12:59:00,0.0,4.0,0.0,2023-03-08,17:51:00,2023-03-08,12:51:00,36.0
DAL1274.BWI.ATL.230307.1930.0049.TFM,KBWI,KATL,2023-03-08 21:21:00,2023-03-08 21:28:00,DAL,2023-03-08 16:21:00,2023-03-08 16:28:00,0.0,2.0,0.0,2023-03-08,21:21:00,2023-03-08,16:21:00,36.0
DAL603.JFK.DFW.230307.1200.0338.TFM,KJFK,KDFW,2023-03-08 16:06:00,2023-03-08 16:19:00,DAL,2023-03-08 11:06:00,2023-03-08 11:19:00,4.0,7.0,0.0,2023-03-08,16:06:00,2023-03-08,11:06:00,0.0
DAL769.ATL.SEA.230307.2305.0149.TFM,KATL,KSEA,2023-03-09 04:52:00,2023-03-09 04:34:00,DAL,2023-03-08 23:52:00,2023-03-08 23:34:00,10.0,0.0,18.0,2023-03-09,04:52:00,2023-03-08,23:52:00,18.0
DAL1569.SEA.LAX.230308.0135.0045.TFM,KSEA,KLAX,2023-03-09 03:46:00,2023-03-09 04:10:00,DAL,2023-03-08 22:46:00,2023-03-08 23:10:00,8.0,10.0,0.0,2023-03-09,03:46:00,2023-03-08,22:46:00,50.0
DAL829.ATL.LAX.230307.2035.0143.TFM,KATL,KLAX,2023-03-09 01:28:00,2023-03-09 01:40:00,DAL,2023-03-08 20:28:00,2023-03-08 20:40:00,8.0,0.0,0.0,2023-03-09,01:28:00,2023-03-08,20:28:00,50.0
DAL860.LGA.ATL.230307.1100.0301.TFM,KLGA,KATL,2023-03-08 13:16:00,2023-03-08 13:39:00,DAL,2023-03-08 08:16:00,2023-03-08 08:39:00,0.0,9.0,0.0,2023-03-08,13:16:00,2023-03-08,08:16:00,36.0
DAL1357.BOS.JFK.230307.2115.0060.TFM,KBOS,KJFK,2023-03-08 22:48:00,2023-03-08 22:45:00,DAL,2023-03-08 17:48:00,2023-03-08 17:45:00,7.0,1.0,0.0,2023-03-08,22:48:00,2023-03-08,17:48:00,249.0
DAL966.ATL.LAX.230308.0125.0091.TFM,KATL,KLAX,2023-03-09 06:24:00,2023-03-09 06:25:00,DAL,2023-03-09 01:24:00,2023-03-09 01:25:00,8.0,0.0,0.0,2023-03-09,06:24:00,2023-03-09,01:24:00,50.0
DAL365.BOS.SFO.230307.1235.0068.TFM,KBOS,KSFO,2023-03-08 19:53:00,2023-03-08 19:48:00,DAL,2023-03-08 14:53:00,2023-03-08 14:48:00,11.0,1.0,0.0,2023-03-08,19:53:00,2023-03-08,14:53:00,22.0
DAL2617.BOS.JFK.230307.1100.0131.TFM,KBOS,KJFK,2023-03-08 12:16:00,2023-03-08 12:29:00,DAL,2023-03-08 07:16:00,2023-03-08 07:29:00,7.0,1.0,0.0,2023-03-08,12:16:00,2023-03-08,07:16:00,249.0
DAL2814.BOS.LGA.230307.1100.0132.TFM,KBOS,KLGA,2023-03-08 12:24:00,2023-03-08 12:29:00,DAL,2023-03-08 07:24:00,2023-03-08 07:29:00,9.0,1.0,0.0,2023-03-08,12:24:00,2023-03-08,07:24:00,40.0
DAL378.ATL.LGA.230307.1100.0328.TFM,KATL,KLGA,2023-03-08 12:55:00,2023-03-08 13:10:00,DAL,2023-03-08 07:55:00,2023-03-08 08:10:00,9.0,0.0,0.0,2023-03-08,12:55:00,2023-03-08,07:55:00,40.0
DAL392.DCA.ATL.230307.1505.0120.TFM,KDCA,KATL,2023-03-08 16:57:00,2023-03-08 17:03:00,DAL,2023-03-08 11:57:00,2023-03-08 12:03:00,0.0,3.0,0.0,2023-03-08,16:57:00,2023-03-08,11:57:00,36.0
DAL501.ATL.LAX.230307.1455.0113.TFM,KATL,KLAX,2023-03-08 19:48:00,2023-03-08 20:00:00,DAL,2023-03-08 14:48:00,2023-03-08 15:00:00,8.0,0.0,0.0,2023-03-08,19:48:00,2023-03-08,14:48:00,50.0
DAL2346.ATL.IAD.230307.1900.0248.TFM,KATL,KIAD,2023-03-08 20:31:00,2023-03-08 20:38:00,DAL,2023-03-08 15:31:00,2023-03-08 15:38:00,6.0,0.0,0.0,2023-03-08,20:31:00,2023-03-08,15:31:00,0.0
DAL410.DCA.ATL.230307.1300.0314.TFM,KDCA,KATL,2023-03-08 14:47:00,2023-03-08 15:02:00,DAL,2023-03-08 09:47:00,2023-03-08 10:02:00,0.0,3.0,0.0,2023-03-08,14:47:00,2023-03-08,09:47:00,36.0
DAL2198.ATL.EWR.230307.1225.0078.TFM,KATL,KEWR,2023-03-08 14:33:00,2023-03-08 14:31:00,DAL,2023-03-08 09:33:00,2023-03-08 09:31:00,5.0,0.0,0.0,2023-03-08,14:33:00,2023-03-08,09:33:00,0.0
DAL451.BOS.DFW.230307.1130.0106.TFM,KBOS,KDFW,2023-03-08 15:54:00,2023-03-08 16:16:00,DAL,2023-03-08 10:54:00,2023-03-08 11:16:00,4.0,1.0,0.0,2023-03-08,15:54:00,2023-03-08,10:54:00,0.0
DAL803.LAX.ATL.230308.0115.0149.TFM,KLAX,KATL,2023-03-09 05:13:00,2023-03-09 05:19:00,DAL,2023-03-09 00:13:00,2023-03-09 00:19:00,0.0,8.0,0.0,2023-03-09,05:13:00,2023-03-09,00:13:00,36.0
DAL761.SEA.ATL.230307.1525.0068.TFM,KSEA,KATL,2023-03-08 19:56:00,2023-03-08 20:06:00,DAL,2023-03-08 14:56:00,2023-03-08 15:06:00,0.0,10.0,0.0,2023-03-08,19:56:00,2023-03-08,14:56:00,36.0
DAL635.ATL.DCA.230307.1610.0120.TFM,KATL,KDCA,2023-03-08 17:47:00,2023-03-08 17:49:00,DAL,2023-03-08 12:47:00,2023-03-08 12:49:00,3.0,0.0,0.0,2023-03-08,17:47:00,2023-03-08,12:47:00,0.0
DAL746.LGA.DFW.230307.1100.0345.TFM,KLGA,KDFW,2023-03-08 14:45:00,2023-03-08 15:15:00,DAL,2023-03-08 09:45:00,2023-03-08 10:15:00,4.0,9.0,0.0,2023-03-08,14:45:00,2023-03-08,09:45:00,0.0
DAL1427.JFK.ATL.230307.1340.0120.TFM,KJFK,KATL,2023-03-08 16:11:00,2023-03-08 16:28:00,DAL,2023-03-08 11:11:00,2023-03-08 11:28:00,0.0,7.0,0.0,2023-03-08,16:11:00,2023-03-08,11:11:00,36.0
DAL916.ATL.SFO.230307.1320.0073.TFM,KATL,KSFO,2023-03-08 18:43:00,2023-03-08 18:50:00,DAL,2023-03-08 13:43:00,2023-03-08 13:50:00,11.0,0.0,0.0,2023-03-08,18:43:00,2023-03-08,13:43:00,22.0
DAL816.ATL.DFW.230307.2000.0249.TFM,KATL,KDFW,2023-03-08 22:10:00,2023-03-08 22:25:00,DAL,2023-03-08 17:10:00,2023-03-08 17:25:00,4.0,0.0,0.0,2023-03-08,22:10:00,2023-03-08,17:10:00,0.0
DAL520.JFK.LAX.230307.1200.0169.TFM,KJFK,KLAX,2023-03-08 18:43:00,2023-03-08 18:25:00,DAL,2023-03-08 13:43:00,2023-03-08 13:25:00,8.0,7.0,18.0,2023-03-08,18:43:00,2023-03-08,13:43:00,68.0
DAL488.LGA.ATL.230307.1205.0135.TFM,KLGA,KATL,2023-03-08 14:26:00,2023-03-08 14:49:00,DAL,2023-03-08 09:26:00,2023-03-08 09:49:00,0.0,9.0,0.0,2023-03-08,14:26:00,2023-03-08,09:26:00,36.0
DAL716.JFK.ATL.230307.1730.0063.TFM,KJFK,KATL,2023-03-08 19:43:00,2023-03-08 20:04:00,DAL,2023-03-08 14:43:00,2023-03-08 15:04:00,0.0,7.0,0.0,2023-03-08,19:43:00,2023-03-08,14:43:00,36.0
DAL1265.ATL.BWI.230307.1420.0116.TFM,KATL,KBWI,2023-03-08 15:55:00,2023-03-08 16:05:00,DAL,2023-03-08 10:55:00,2023-03-08 11:05:00,2.0,0.0,0.0,2023-03-08,15:55:00,2023-03-08,10:55:00,0.0
DAL2590.BWI.ATL.230307.1530.0079.TFM,KBWI,KATL,2023-03-08 17:08:00,2023-03-08 17:19:00,DAL,2023-03-08 12:08:00,2023-03-08 12:19:00,0.0,2.0,0.0,2023-03-08,17:08:00,2023-03-08,12:08:00,36.0
DAL972.DCA.ATL.230307.1200.0345.TFM,KDCA,KATL,2023-03-08 13:49:00,2023-03-08 14:05:00,DAL,2023-03-08 08:49:00,2023-03-08 09:05:00,0.0,3.0,0.0,2023-03-08,13:49:00,2023-03-08,08:49:00,36.0
DAL376.BOS.ATL.230307.1905.0137.TFM,KBOS,KATL,2023-03-08 21:48:00,2023-03-08 22:04:00,DAL,2023-03-08 16:48:00,2023-03-08 17:04:00,0.0,1.0,0.0,2023-03-08,21:48:00,2023-03-08,16:48:00,36.0
DAL380.DCA.LAX.230307.2220.0094.TFM,KDCA,KLAX,2023-03-09 04:31:00,2023-03-09 04:20:00,DAL,2023-03-08 23:31:00,2023-03-08 23:20:00,8.0,3.0,0.0,2023-03-09,04:31:00,2023-03-08,23:31:00,68.0
DAL921.ATL.DFW.230307.1755.0043.TFM,KATL,KDFW,2023-03-08 20:05:00,2023-03-08 20:17:00,DAL,2023-03-08 15:05:00,2023-03-08 15:17:00,4.0,0.0,0.0,2023-03-08,20:05:00,2023-03-08,15:05:00,0.0
DAL458.ATL.LGA.230307.1515.0159.TFM,KATL,KLGA,2023-03-08 17:34:00,2023-03-08 17:29:00,DAL,2023-03-08 12:34:00,2023-03-08 12:29:00,9.0,0.0,0.0,2023-03-08,17:34:00,2023-03-08,12:34:00,40.0
DAL425.BOS.LAX.230307.1225.0032.TFM,KBOS,KLAX,2023-03-08 19:37:00,2023-03-08 19:15:00,DAL,2023-03-08 14:37:00,2023-03-08 14:15:00,8.0,1.0,22.0,2023-03-08,19:37:00,2023-03-08,14:37:00,90.0
DAL308.LAX.JFK.230307.1540.0094.TFM,KLAX,KJFK,2023-03-08 20:29:00,2023-03-08 20:59:00,DAL,2023-03-08 15:29:00,2023-03-08 15:59:00,7.0,8.0,0.0,2023-03-08,20:29:00,2023-03-08,15:29:00,249.0
DAL31.ATL.DFW.230308.0315.0078.TFM,KATL,KDFW,2023-03-09 05:29:00,2023-03-09 05:36:00,DAL,2023-03-09 00:29:00,2023-03-09 00:36:00,4.0,0.0,0.0,2023-03-09,05:29:00,2023-03-09,00:29:00,0.0
DAL2310.SFO.SEA.230307.1425.0033.TFM,KSFO,KSEA,2023-03-08 16:23:00,2023-03-08 16:47:00,DAL,2023-03-08 11:23:00,2023-03-08 11:47:00,10.0,11.0,0.0,2023-03-08,16:23:00,2023-03-08,11:23:00,18.0
DAL921.DFW.ATL.230307.2130.0151.TFM,KDFW,KATL,2023-03-08 23:23:00,2023-03-08 23:34:00,DAL,2023-03-08 18:23:00,2023-03-08 18:34:00,0.0,4.0,0.0,2023-03-08,23:23:00,2023-03-08,18:23:00,36.0
DAL2639.ATL.EWR.230307.2150.0116.TFM,KATL,KEWR,2023-03-09 00:02:00,2023-03-08 23:59:00,DAL,2023-03-08 19:02:00,2023-03-08 18:59:00,5.0,0.0,0.0,2023-03-09,00:02:00,2023-03-08,19:02:00,0.0
DAL2327.ATL.BWI.230307.1840.0127.TFM,KATL,KBWI,2023-03-08 20:21:00,2023-03-08 20:21:00,DAL,2023-03-08 15:21:00,2023-03-08 15:21:00,2.0,0.0,0.0,2023-03-08,20:21:00,2023-03-08,15:21:00,0.0
DAL487.ATL.LGA.230308.0245.0055.TFM,KATL,KLGA,2023-03-09 04:45:00,2023-03-09 04:55:00,DAL,2023-03-08 23:45:00,2023-03-08 23:55:00,9.0,0.0,0.0,2023-03-09,04:45:00,2023-03-08,23:45:00,40.0
DAL791.LGA.DFW.230307.1720.0090.TFM,KLGA,KDFW,2023-03-08 21:30:00,2023-03-08 21:49:00,DAL,2023-03-08 16:30:00,2023-03-08 16:49:00,4.0,9.0,0.0,2023-03-08,21:30:00,2023-03-08,16:30:00,0.0
DAL2198.EWR.ATL.230307.1535.0033.TFM,KEWR,KATL,2023-03-08 17:55:00,2023-03-08 18:05:00,DAL,2023-03-08 12:55:00,2023-03-08 13:05:00,0.0,5.0,0.0,2023-03-08,17:55:00,2023-03-08,12:55:00,36.0
DAL953.ATL.DFW.230307.2220.0067.TFM,KATL,KDFW,2023-03-09 00:32:00,2023-03-09 00:43:00,DAL,2023-03-08 19:32:00,2023-03-08 19:43:00,4.0,0.0,0.0,2023-03-09,00:32:00,2023-03-08,19:32:00,0.0
DAL1078.JFK.BOS.230307.1110.0035.TFM,KJFK,KBOS,2023-03-08 17:47:00,2023-03-08 12:28:00,DAL,2023-03-08 12:47:00,2023-03-08 07:28:00,1.0,7.0,319.0,2023-03-08,17:47:00,2023-03-08,12:47:00,319.0
DAL2093.EWR.ATL.230307.1205.0132.TFM,KEWR,KATL,2023-03-08 14:23:00,2023-03-08 14:36:00,DAL,2023-03-08 09:23:00,2023-03-08 09:36:00,0.0,5.0,0.0,2023-03-08,14:23:00,2023-03-08,09:23:00,36.0
DAL967.DCA.ATL.230307.1405.0055.TFM,KDCA,KATL,2023-03-08 15:52:00,2023-03-08 16:09:00,DAL,2023-03-08 10:52:00,2023-03-08 11:09:00,0.0,3.0,0.0,2023-03-08,15:52:00,2023-03-08,10:52:00,36.0
DAL541.ATL.LGA.230307.2120.0164.TFM,KATL,KLGA,2023-03-08 23:34:00,2023-03-08 23:29:00,DAL,2023-03-08 18:34:00,2023-03-08 18:29:00,9.0,0.0,0.0,2023-03-08,23:34:00,2023-03-08,18:34:00,40.0
DAL757.JFK.SFO.230307.1350.0090.TFM,KJFK,KSFO,2023-03-08 20:38:00,2023-03-08 20:49:00,DAL,2023-03-08 15:38:00,2023-03-08 15:49:00,11.0,7.0,0.0,2023-03-08,20:38:00,2023-03-08,15:38:00,22.0
DAL569.LAX.BOS.230307.1545.0110.TFM,KLAX,KBOS,2023-03-08 20:47:00,2023-03-08 21:09:00,DAL,2023-03-08 15:47:00,2023-03-08 16:09:00,1.0,8.0,0.0,2023-03-08,20:47:00,2023-03-08,15:47:00,319.0
DAL939.LGA.ATL.230307.1315.0143.TFM,KLGA,KATL,2023-03-08 15:37:00,2023-03-08 16:03:00,DAL,2023-03-08 10:37:00,2023-03-08 11:03:00,0.0,9.0,0.0,2023-03-08,15:37:00,2023-03-08,10:37:00,36.0
DAL596.DFW.ATL.230307.1140.0032.TFM,KDFW,KATL,2023-03-08 13:29:00,2023-03-08 13:46:00,DAL,2023-03-08 08:29:00,2023-03-08 08:46:00,0.0,4.0,0.0,2023-03-08,13:29:00,2023-03-08,08:29:00,36.0
DAL2346.IAD.ATL.230307.2135.0067.TFM,KIAD,KATL,2023-03-08 23:18:00,2023-03-08 23:29:00,DAL,2023-03-08 18:18:00,2023-03-08 18:29:00,0.0,6.0,0.0,2023-03-08,23:18:00,2023-03-08,18:18:00,36.0
DAL661.ATL.BOS.230308.0325.0035.TFM,KATL,KBOS,2023-03-09 05:52:00,2023-03-09 05:57:00,DAL,2023-03-09 00:52:00,2023-03-09 00:57:00,1.0,0.0,0.0,2023-03-09,05:52:00,2023-03-09,00:52:00,319.0
DAL753.ATL.LAX.230307.1900.0244.TFM,KATL,KLAX,2023-03-08 23:59:00,2023-03-09 00:04:00,DAL,2023-03-08 18:59:00,2023-03-08 19:04:00,8.0,0.0,0.0,2023-03-08,23:59:00,2023-03-08,18:59:00,90.0
DAL1088.LAX.SEA.230307.1500.0125.TFM,KLAX,KSEA,2023-03-08 17:33:00,2023-03-08 17:57:00,DAL,2023-03-08 12:33:00,2023-03-08 12:57:00,10.0,8.0,0.0,2023-03-08,17:33:00,2023-03-08,12:33:00,18.0
DAL746.DFW.LGA.230307.1610.0130.TFM,KDFW,KLGA,2023-03-08 19:20:00,2023-03-08 19:25:00,DAL,2023-03-08 14:20:00,2023-03-08 14:25:00,9.0,4.0,0.0,2023-03-08,19:20:00,2023-03-08,14:20:00,40.0
DAL987.ATL.SEA.230307.1310.0069.TFM,KATL,KSEA,2023-03-08 18:32:00,2023-03-08 18:45:00,DAL,2023-03-08 13:32:00,2023-03-08 13:45:00,10.0,0.0,0.0,2023-03-08,18:32:00,2023-03-08,13:32:00,18.0
DAL2011.LGA.BOS.230308.0200.0049.TFM,KLGA,KBOS,2023-03-09 03:13:00,2023-03-09 03:19:00,DAL,2023-03-08 22:13:00,2023-03-08 22:19:00,1.0,9.0,0.0,2023-03-09,03:13:00,2023-03-08,22:13:00,319.0
DAL1013.JFK.BOS.230307.1830.0088.TFM,KJFK,KBOS,2023-03-08 20:05:00,2023-03-08 19:48:00,DAL,2023-03-08 15:05:00,2023-03-08 14:48:00,1.0,7.0,17.0,2023-03-08,20:05:00,2023-03-08,15:05:00,336.0
DAL490.LGA.ATL.230307.2355.0103.TFM,KLGA,KATL,2023-03-09 03:02:00,2023-03-09 02:44:00,DAL,2023-03-08 22:02:00,2023-03-08 21:44:00,0.0,9.0,18.0,2023-03-09,03:02:00,2023-03-08,22:02:00,54.0
DAL1386.BOS.JFK.230308.0155.0074.TFM,KBOS,KJFK,2023-03-09 03:26:00,2023-03-09 03:22:00,DAL,2023-03-08 22:26:00,2023-03-08 22:22:00,7.0,1.0,0.0,2023-03-09,03:26:00,2023-03-08,22:26:00,249.0
DAL563.DFW.LAX.230307.1200.0337.TFM,KDFW,KLAX,2023-03-08 15:55:00,2023-03-08 15:35:00,DAL,2023-03-08 10:55:00,2023-03-08 10:35:00,8.0,4.0,20.0,2023-03-08,15:55:00,2023-03-08,10:55:00,110.0
DAL519.ATL.DCA.230308.0325.0024.TFM,KATL,KDCA,2023-03-09 05:13:00,2023-03-09 04:59:00,DAL,2023-03-09 00:13:00,2023-03-08 23:59:00,3.0,0.0,0.0,2023-03-09,05:13:00,2023-03-09,00:13:00,0.0
DAL774.SFO.ATL.230307.2020.0039.TFM,KSFO,KATL,2023-03-09 00:25:00,2023-03-09 00:54:00,DAL,2023-03-08 19:25:00,2023-03-08 19:54:00,0.0,11.0,0.0,2023-03-09,00:25:00,2023-03-08,19:25:00,54.0
DAL365.SFO.BOS.230307.2100.0159.TFM,KSFO,KBOS,2023-03-09 02:14:00,2023-03-09 02:31:00,DAL,2023-03-08 21:14:00,2023-03-08 21:31:00,1.0,11.0,0.0,2023-03-09,02:14:00,2023-03-08,21:14:00,336.0
DAL317.JFK.SEA.230307.1200.0159.TFM,KJFK,KSEA,2023-03-08 18:20:00,2023-03-08 18:28:00,DAL,2023-03-08 13:20:00,2023-03-08 13:28:00,10.0,7.0,0.0,2023-03-08,18:20:00,2023-03-08,13:20:00,18.0
DAL343.ATL.DCA.230308.0205.0050.TFM,KATL,KDCA,2023-03-09 06:29:00,2023-03-09 03:44:00,DAL,2023-03-09 01:29:00,2023-03-08 22:44:00,3.0,0.0,165.0,2023-03-09,06:29:00,2023-03-09,01:29:00,165.0
DAL610.JFK.SEA.230307.2140.0107.TFM,KJFK,KSEA,2023-03-09 03:45:00,2023-03-09 04:00:00,DAL,2023-03-08 22:45:00,2023-03-08 23:00:00,10.0,7.0,0.0,2023-03-09,03:45:00,2023-03-08,22:45:00,18.0
DAL877.LGA.ATL.230307.1950.0079.TFM,KLGA,KATL,2023-03-08 22:14:00,2023-03-08 22:31:00,DAL,2023-03-08 17:14:00,2023-03-08 17:31:00,0.0,9.0,0.0,2023-03-08,22:14:00,2023-03-08,17:14:00,54.0
DAL754.SEA.ATL.230307.2010.0034.TFM,KSEA,KATL,2023-03-09 00:48:00,2023-03-09 00:54:00,DAL,2023-03-08 19:48:00,2023-03-08 19:54:00,0.0,10.0,0.0,2023-03-09,00:48:00,2023-03-08,19:48:00,54.0
DAL2776.ATL.EWR.230308.0325.0059.TFM,KATL,KEWR,2023-03-09 05:17:00,2023-03-09 05:26:00,DAL,2023-03-09 00:17:00,2023-03-09 00:26:00,5.0,0.0,0.0,2023-03-09,05:17:00,2023-03-09,00:17:00,0.0
DAL2054.SFO.LAX.230308.0350.0061.TFM,KSFO,KLAX,2023-03-09 04:51:00,2023-03-09 05:15:00,DAL,2023-03-08 23:51:00,2023-03-09 00:15:00,8.0,11.0,0.0,2023-03-09,04:51:00,2023-03-08,23:51:00,110.0
DAL794.ATL.JFK.230307.1325.0065.TFM,KATL,KJFK,2023-03-08 15:23:00,2023-03-08 15:36:00,DAL,2023-03-08 10:23:00,2023-03-08 10:36:00,7.0,0.0,0.0,2023-03-08,15:23:00,2023-03-08,10:23:00,249.0
DAL559.LAX.ATL.230307.1345.0080.TFM,KLAX,KATL,2023-03-08 17:36:00,2023-03-08 17:57:00,DAL,2023-03-08 12:36:00,2023-03-08 12:57:00,0.0,8.0,0.0,2023-03-08,17:36:00,2023-03-08,12:36:00,54.0
DAL664.SFO.JFK.230307.2000.0254.TFM,KSFO,KJFK,2023-03-09 00:44:00,2023-03-09 01:33:00,DAL,2023-03-08 19:44:00,2023-03-08 20:33:00,7.0,11.0,0.0,2023-03-09,00:44:00,2023-03-08,19:44:00,249.0
DAL680.JFK.LAX.230307.2215.0151.TFM,KJFK,KLAX,2023-03-09 05:52:00,2023-03-09 04:37:00,DAL,2023-03-09 00:52:00,2023-03-08 23:37:00,8.0,7.0,75.0,2023-03-09,05:52:00,2023-03-09,00:52:00,185.0
DAL1703.SEA.LAX.230307.2345.0077.TFM,KSEA,KLAX,2023-03-09 02:20:00,2023-03-09 02:19:00,DAL,2023-03-08 21:20:00,2023-03-08 21:19:00,8.0,10.0,0.0,2023-03-09,02:20:00,2023-03-08,21:20:00,185.0
DAL2727.ATL.EWR.230308.0020.0132.TFM,KATL,KEWR,2023-03-09 02:19:00,2023-03-09 02:30:00,DAL,2023-03-08 21:19:00,2023-03-08 21:30:00,5.0,0.0,0.0,2023-03-09,02:19:00,2023-03-08,21:19:00,0.0
DAL899.LAX.ATL.230307.1900.0237.TFM,KLAX,KATL,2023-03-08 22:57:00,2023-03-08 23:14:00,DAL,2023-03-08 17:57:00,2023-03-08 18:14:00,0.0,8.0,0.0,2023-03-08,22:57:00,2023-03-08,17:57:00,54.0
DAL452.ATL.SEA.230307.1700.0114.TFM,KATL,KSEA,2023-03-08 22:33:00,2023-03-08 22:34:00,DAL,2023-03-08 17:33:00,2023-03-08 17:34:00,10.0,0.0,0.0,2023-03-08,22:33:00,2023-03-08,17:33:00,18.0
DAL324.SFO.JFK.230307.2215.0154.TFM,KSFO,KJFK,2023-03-09 03:17:00,2023-03-09 03:37:00,DAL,2023-03-08 22:17:00,2023-03-08 22:37:00,7.0,11.0,0.0,2023-03-09,03:17:00,2023-03-08,22:17:00,249.0
DAL650.JFK.LAX.230307.2045.0164.TFM,KJFK,KLAX,2023-03-09 04:00:00,2023-03-09 03:22:00,DAL,2023-03-08 23:00:00,2023-03-08 22:22:00,8.0,7.0,38.0,2023-03-09,04:00:00,2023-03-08,23:00:00,223.0
DAL849.ATL.BOS.230307.1415.0023.TFM,KATL,KBOS,2023-03-08 16:39:00,2023-03-08 16:50:00,DAL,2023-03-08 11:39:00,2023-03-08 11:50:00,1.0,0.0,0.0,2023-03-08,16:39:00,2023-03-08,11:39:00,336.0
DAL2327.BWI.ATL.230307.2135.0072.TFM,KBWI,KATL,2023-03-08 23:09:00,2023-03-08 23:30:00,DAL,2023-03-08 18:09:00,2023-03-08 18:30:00,0.0,2.0,0.0,2023-03-08,23:09:00,2023-03-08,18:09:00,54.0
DAL590.DCA.ATL.230307.1900.0262.TFM,KDCA,KATL,2023-03-08 20:55:00,2023-03-08 20:58:00,DAL,2023-03-08 15:55:00,2023-03-08 15:58:00,0.0,3.0,0.0,2023-03-08,20:55:00,2023-03-08,15:55:00,54.0
DAL455.ATL.DCA.230307.1955.0046.TFM,KATL,KDCA,2023-03-08 21:25:00,2023-03-08 21:36:00,DAL,2023-03-08 16:25:00,2023-03-08 16:36:00,3.0,0.0,0.0,2023-03-08,21:25:00,2023-03-08,16:25:00,165.0
DAL737.LAX.BOS.230307.2025.0054.TFM,KLAX,KBOS,2023-03-09 01:40:00,2023-03-09 01:50:00,DAL,2023-03-08 20:40:00,2023-03-08 20:50:00,1.0,8.0,0.0,2023-03-09,01:40:00,2023-03-08,20:40:00,336.0
DAL2464.ATL.JFK.230308.0245.0064.TFM,KATL,KJFK,2023-03-09 04:45:00,2023-03-09 04:59:00,DAL,2023-03-08 23:45:00,2023-03-08 23:59:00,7.0,0.0,0.0,2023-03-09,04:45:00,2023-03-08,23:45:00,249.0
DAL2029.JFK.BOS.230308.0255.0052.TFM,KJFK,KBOS,2023-03-09 03:59:00,2023-03-09 04:10:00,DAL,2023-03-08 22:59:00,2023-03-08 23:10:00,1.0,7.0,0.0,2023-03-09,03:59:00,2023-03-08,22:59:00,336.0
DAL414.ATL.DFW.230307.1425.0029.TFM,KATL,KDFW,2023-03-08 16:40:00,2023-03-08 16:52:00,DAL,2023-03-08 11:40:00,2023-03-08 11:52:00,4.0,0.0,0.0,2023-03-08,16:40:00,2023-03-08,11:40:00,0.0
DAL567.BWI.ATL.230307.2310.0137.TFM,KBWI,KATL,2023-03-09 01:06:00,2023-03-09 01:10:00,DAL,2023-03-08 20:06:00,2023-03-08 20:10:00,0.0,2.0,0.0,2023-03-09,01:06:00,2023-03-08,20:06:00,54.0
DAL719.SFO.JFK.230307.2315.0062.TFM,KSFO,KJFK,2023-03-09 04:17:00,2023-03-09 04:33:00,DAL,2023-03-08 23:17:00,2023-03-08 23:33:00,7.0,11.0,0.0,2023-03-09,04:17:00,2023-03-08,23:17:00,249.0
DAL2272.SFO.LAX.230307.2200.0181.TFM,KSFO,KLAX,2023-03-08 23:09:00,2023-03-08 23:29:00,DAL,2023-03-08 18:09:00,2023-03-08 18:29:00,8.0,11.0,0.0,2023-03-08,23:09:00,2023-03-08,18:09:00,223.0
DAL409.ATL.LGA.230307.2300.0200.TFM,KATL,KLGA,2023-03-09 01:22:00,2023-03-09 01:15:00,DAL,2023-03-08 20:22:00,2023-03-08 20:15:00,9.0,0.0,0.0,2023-03-09,01:22:00,2023-03-08,20:22:00,40.0
DAL455.DCA.ATL.230307.2240.0140.TFM,KDCA,KATL,2023-03-09 00:15:00,2023-03-09 00:42:00,DAL,2023-03-08 19:15:00,2023-03-08 19:42:00,0.0,3.0,0.0,2023-03-09,00:15:00,2023-03-08,19:15:00,54.0
DAL1443.ATL.JFK.230307.2345.0065.TFM,KATL,KJFK,2023-03-09 02:02:00,2023-03-09 01:59:00,DAL,2023-03-08 21:02:00,2023-03-08 20:59:00,7.0,0.0,0.0,2023-03-09,02:02:00,2023-03-08,21:02:00,249.0
DAL427.SEA.BOS.230307.1510.0145.TFM,KSEA,KBOS,2023-03-08 20:10:00,2023-03-08 20:20:00,DAL,2023-03-08 15:10:00,2023-03-08 15:20:00,1.0,10.0,0.0,2023-03-08,20:10:00,2023-03-08,15:10:00,336.0
DAL386.SEA.JFK.230307.2345.0059.TFM,KSEA,KJFK,2023-03-09 04:41:00,2023-03-09 04:59:00,DAL,2023-03-08 23:41:00,2023-03-08 23:59:00,7.0,10.0,0.0,2023-03-09,04:41:00,2023-03-08,23:41:00,249.0
DAL445.ATL.LAX.230307.2135.0120.TFM,KATL,KLAX,2023-03-09 02:35:00,2023-03-09 02:39:00,DAL,2023-03-08 21:35:00,2023-03-08 21:39:00,8.0,0.0,0.0,2023-03-09,02:35:00,2023-03-08,21:35:00,223.0
DAL876.ATL.LGA.230307.1615.0118.TFM,KATL,KLGA,2023-03-08 18:29:00,2023-03-08 18:25:00,DAL,2023-03-08 13:29:00,2023-03-08 13:25:00,9.0,0.0,0.0,2023-03-08,18:29:00,2023-03-08,13:29:00,40.0
DAL1530.SEA.LAX.230307.1800.0213.TFM,KSEA,KLAX,2023-03-08 20:32:00,2023-03-08 20:46:00,DAL,2023-03-08 15:32:00,2023-03-08 15:46:00,8.0,10.0,0.0,2023-03-08,20:32:00,2023-03-08,15:32:00,223.0
DAL2178.EWR.ATL.230307.1900.0246.TFM,KEWR,KATL,2023-03-08 21:04:00,2023-03-08 21:30:00,DAL,2023-03-08 16:04:00,2023-03-08 16:30:00,0.0,5.0,0.0,2023-03-08,21:04:00,2023-03-08,16:04:00,54.0
DAL721.ATL.SFO.230307.1500.0186.TFM,KATL,KSFO,2023-03-08 20:31:00,2023-03-08 20:30:00,DAL,2023-03-08 15:31:00,2023-03-08 15:30:00,11.0,0.0,0.0,2023-03-08,20:31:00,2023-03-08,15:31:00,22.0
DAL333.DFW.LGA.230308.0140.0097.TFM,KDFW,KLGA,2023-03-09 04:45:00,2023-03-09 04:59:00,DAL,2023-03-08 23:45:00,2023-03-08 23:59:00,9.0,4.0,0.0,2023-03-09,04:45:00,2023-03-08,23:45:00,40.0
DAL1274.ATL.BWI.230307.1625.0037.TFM,KATL,KBWI,2023-03-08 18:11:00,2023-03-08 18:17:00,DAL,2023-03-08 13:11:00,2023-03-08 13:17:00,2.0,0.0,0.0,2023-03-08,18:11:00,2023-03-08,13:11:00,0.0
DAL2888.SFO.SEA.230307.1835.0095.TFM,KSFO,KSEA,2023-03-08 20:43:00,2023-03-08 20:50:00,DAL,2023-03-08 15:43:00,2023-03-08 15:50:00,10.0,11.0,0.0,2023-03-08,20:43:00,2023-03-08,15:43:00,18.0
DAL2440.ATL.JFK.230307.1815.0077.TFM,KATL,KJFK,2023-03-08 20:27:00,2023-03-08 20:25:00,DAL,2023-03-08 15:27:00,2023-03-08 15:25:00,7.0,0.0,0.0,2023-03-08,20:27:00,2023-03-08,15:27:00,249.0
DAL375.ATL.BOS.230307.1615.0114.TFM,KATL,KBOS,2023-03-08 18:43:00,2023-03-08 18:53:00,DAL,2023-03-08 13:43:00,2023-03-08 13:53:00,1.0,0.0,0.0,2023-03-08,18:43:00,2023-03-08,13:43:00,336.0
DAL823.ATL.SFO.230307.1850.0154.TFM,KATL,KSFO,2023-03-09 00:11:00,2023-03-09 00:12:00,DAL,2023-03-08 19:11:00,2023-03-08 19:12:00,11.0,0.0,0.0,2023-03-09,00:11:00,2023-03-08,19:11:00,22.0
DAL572.ATL.BOS.230307.1745.0071.TFM,KATL,KBOS,2023-03-08 20:00:00,2023-03-08 20:18:00,DAL,2023-03-08 15:00:00,2023-03-08 15:18:00,1.0,0.0,0.0,2023-03-08,20:00:00,2023-03-08,15:00:00,336.0
DAL759.ATL.DCA.230307.1715.0123.TFM,KATL,KDCA,2023-03-08 18:47:00,2023-03-08 18:56:00,DAL,2023-03-08 13:47:00,2023-03-08 13:56:00,3.0,0.0,0.0,2023-03-08,18:47:00,2023-03-08,13:47:00,165.0
DAL871.SFO.ATL.230307.1600.0141.TFM,KSFO,KATL,2023-03-08 20:06:00,2023-03-08 20:31:00,DAL,2023-03-08 15:06:00,2023-03-08 15:31:00,0.0,11.0,0.0,2023-03-08,20:06:00,2023-03-08,15:06:00,54.0
DAL345.BOS.SEA.230307.1205.0145.TFM,KBOS,KSEA,2023-03-08 18:06:00,2023-03-08 18:45:00,DAL,2023-03-08 13:06:00,2023-03-08 13:45:00,10.0,1.0,0.0,2023-03-08,18:06:00,2023-03-08,13:06:00,18.0
DAL1045.LAX.SEA.230307.1955.0101.TFM,KLAX,KSEA,2023-03-08 22:32:00,2023-03-08 22:45:00,DAL,2023-03-08 17:32:00,2023-03-08 17:45:00,10.0,8.0,0.0,2023-03-08,22:32:00,2023-03-08,17:32:00,18.0
DAL607.BOS.LAX.230307.2005.0052.TFM,KBOS,KLAX,2023-03-09 02:47:00,2023-03-09 02:45:00,DAL,2023-03-08 21:47:00,2023-03-08 21:45:00,8.0,1.0,0.0,2023-03-09,02:47:00,2023-03-08,21:47:00,223.0
DAL2226.ATL.EWR.230307.2030.0208.TFM,KATL,KEWR,2023-03-08 22:37:00,2023-03-08 22:37:00,DAL,2023-03-08 17:37:00,2023-03-08 17:37:00,5.0,0.0,0.0,2023-03-08,22:37:00,2023-03-08,17:37:00,0.0
DAL2606.LAX.SFO.230307.2300.0178.TFM,KLAX,KSFO,2023-03-09 00:10:00,2023-03-09 00:23:00,DAL,2023-03-08 19:10:00,2023-03-08 19:23:00,11.0,8.0,0.0,2023-03-09,00:10:00,2023-03-08,19:10:00,22.0
DAL629.ATL.BOS.230307.1930.0152.TFM,KATL,KBOS,2023-03-08 21:53:00,2023-03-08 21:59:00,DAL,2023-03-08 16:53:00,2023-03-08 16:59:00,1.0,0.0,0.0,2023-03-08,21:53:00,2023-03-08,16:53:00,336.0
DAL806.BOS.ATL.230307.1615.0133.TFM,KBOS,KATL,2023-03-08 18:49:00,2023-03-08 19:15:00,DAL,2023-03-08 13:49:00,2023-03-08 14:15:00,0.0,1.0,0.0,2023-03-08,18:49:00,2023-03-08,13:49:00,54.0
DAL534.ATL.DCA.230307.2355.0123.TFM,KATL,KDCA,2023-03-09 01:22:00,2023-03-09 01:37:00,DAL,2023-03-08 20:22:00,2023-03-08 20:37:00,3.0,0.0,0.0,2023-03-09,01:22:00,2023-03-08,20:22:00,165.0
DAL516.LAX.JFK.230307.0555.0018.TFM,KLAX,KJFK,2023-03-08 10:35:00,2023-03-08 11:10:00,DAL,2023-03-08 05:35:00,2023-03-08 06:10:00,7.0,8.0,0.0,2023-03-08,10:35:00,2023-03-08,05:35:00,249.0
DAL873.LAX.ATL.230307.0555.0015.TFM,KLAX,KATL,2023-03-08 09:53:00,2023-03-08 10:00:00,DAL,2023-03-08 04:53:00,2023-03-08 05:00:00,0.0,8.0,0.0,2023-03-08,09:53:00,2023-03-08,04:53:00,54.0
DAL377.JFK.LAX.230308.1500.0300.TFM,KJFK,KLAX,2023-03-09 21:20:00,2023-03-09 21:23:00,DAL,2023-03-09 16:20:00,2023-03-09 16:23:00,8.0,7.0,0.0,2023-03-09,21:20:00,2023-03-09,16:20:00,
DAL385.BOS.ATL.230308.2340.0188.TFM,KBOS,KATL,2023-03-10 02:21:00,2023-03-10 02:44:00,DAL,2023-03-09 21:21:00,2023-03-09 21:44:00,0.0,1.0,0.0,2023-03-10,02:21:00,2023-03-09,21:21:00,
DAL810.SEA.BOS.230308.0640.0033.TFM,KSEA,KBOS,2023-03-09 11:45:00,2023-03-09 11:50:00,DAL,2023-03-09 06:45:00,2023-03-09 06:50:00,1.0,10.0,0.0,2023-03-09,11:45:00,2023-03-09,06:45:00,
DAL955.SFO.ATL.230308.0555.0021.TFM,KSFO,KATL,2023-03-09 10:00:00,2023-03-09 10:27:00,DAL,2023-03-09 05:00:00,2023-03-09 05:27:00,0.0,11.0,0.0,2023-03-09,10:00:00,2023-03-09,05:00:00,
DAL864.SEA.ATL.230308.0630.0046.TFM,KSEA,KATL,2023-03-09 11:13:00,2023-03-09 11:07:00,DAL,2023-03-09 06:13:00,2023-03-09 06:07:00,0.0,10.0,0.0,2023-03-09,11:13:00,2023-03-09,06:13:00,
DAL697.ATL.SEA.230308.1455.0113.TFM,KATL,KSEA,2023-03-09 20:15:00,2023-03-09 20:35:00,DAL,2023-03-09 15:15:00,2023-03-09 15:35:00,10.0,0.0,0.0,2023-03-09,20:15:00,2023-03-09,15:15:00,
DAL864.SEA.ATL.230307.0630.0035.TFM,KSEA,KATL,2023-03-08 10:57:00,2023-03-08 11:05:00,DAL,2023-03-08 05:57:00,2023-03-08 06:05:00,0.0,10.0,0.0,2023-03-08,10:57:00,2023-03-08,05:57:00,54.0
DAL759.DCA.ATL.230308.2000.0181.TFM,KDCA,KATL,2023-03-10 01:21:00,2023-03-09 21:55:00,DAL,2023-03-09 20:21:00,2023-03-09 16:55:00,0.0,3.0,206.0,2023-03-10,01:21:00,2023-03-09,20:21:00,
DAL426.SEA.JFK.230308.0645.0039.TFM,KSEA,KJFK,2023-03-09 11:49:00,2023-03-09 12:00:00,DAL,2023-03-09 06:49:00,2023-03-09 07:00:00,7.0,10.0,0.0,2023-03-09,11:49:00,2023-03-09,06:49:00,
DAL656.ATL.SFO.230308.0250.0069.TFM,KATL,KSFO,2023-03-09 08:10:00,2023-03-09 08:12:00,DAL,2023-03-09 03:10:00,2023-03-09 03:12:00,11.0,0.0,0.0,2023-03-09,08:10:00,2023-03-09,03:10:00,22.0
DAL1530.SEA.LAX.230308.1750.0130.TFM,KSEA,KLAX,2023-03-09 20:21:00,2023-03-09 20:40:00,DAL,2023-03-09 15:21:00,2023-03-09 15:40:00,8.0,10.0,0.0,2023-03-09,20:21:00,2023-03-09,15:21:00,
DAL939.LGA.ATL.230308.1300.0336.TFM,KLGA,KATL,2023-03-09 15:16:00,2023-03-09 15:33:00,DAL,2023-03-09 10:16:00,2023-03-09 10:33:00,0.0,9.0,0.0,2023-03-09,15:16:00,2023-03-09,10:16:00,
DAL529.DFW.LAX.230308.2200.0217.TFM,KDFW,KLAX,2023-03-10 01:47:00,2023-03-10 01:30:00,DAL,2023-03-09 20:47:00,2023-03-09 20:30:00,8.0,4.0,17.0,2023-03-10,01:47:00,2023-03-09,20:47:00,
DAL2888.SEA.SFO.230308.1510.0078.TFM,KSEA,KSFO,2023-03-09 17:03:00,2023-03-09 17:28:00,DAL,2023-03-09 12:03:00,2023-03-09 12:28:00,11.0,10.0,0.0,2023-03-09,17:03:00,2023-03-09,12:03:00,
DAL877.LGA.ATL.230308.1625.0055.TFM,KLGA,KATL,2023-03-09 18:48:00,2023-03-09 19:13:00,DAL,2023-03-09 13:48:00,2023-03-09 14:13:00,0.0,9.0,0.0,2023-03-09,18:48:00,2023-03-09,13:48:00,
DAL315.SFO.JFK.230308.0630.0031.TFM,KSFO,KJFK,2023-03-09 11:15:00,2023-03-09 11:45:00,DAL,2023-03-09 06:15:00,2023-03-09 06:45:00,7.0,11.0,0.0,2023-03-09,11:15:00,2023-03-09,06:15:00,
DAL317.JFK.SEA.230308.1140.0055.TFM,KJFK,KSEA,2023-03-09 17:29:00,2023-03-09 17:57:00,DAL,2023-03-09 12:29:00,2023-03-09 12:57:00,10.0,7.0,0.0,2023-03-09,17:29:00,2023-03-09,12:29:00,
DAL2272.LAX.SFO.230308.1905.0059.TFM,KLAX,KSFO,2023-03-09 21:09:00,2023-03-09 20:30:00,DAL,2023-03-09 16:09:00,2023-03-09 15:30:00,11.0,8.0,39.0,2023-03-09,21:09:00,2023-03-09,16:09:00,
DAL452.ATL.SEA.230308.1630.0209.TFM,KATL,KSEA,2023-03-09 21:44:00,2023-03-09 22:03:00,DAL,2023-03-09 16:44:00,2023-03-09 17:03:00,10.0,0.0,0.0,2023-03-09,21:44:00,2023-03-09,16:44:00,
DAL316.DCA.ATL.230308.1800.0110.TFM,KDCA,KATL,2023-03-09 19:51:00,2023-03-09 19:54:00,DAL,2023-03-09 14:51:00,2023-03-09 14:54:00,0.0,3.0,0.0,2023-03-09,19:51:00,2023-03-09,14:51:00,
DAL679.ATL.SEA.230308.1900.0051.TFM,KATL,KSEA,2023-03-10 00:30:00,2023-03-10 00:39:00,DAL,2023-03-09 19:30:00,2023-03-09 19:39:00,10.0,0.0,0.0,2023-03-10,00:30:00,2023-03-09,19:30:00,
DAL345.BOS.SEA.230308.1210.0077.TFM,KBOS,KSEA,2023-03-09 18:28:00,2023-03-09 18:44:00,DAL,2023-03-09 13:28:00,2023-03-09 13:44:00,10.0,1.0,0.0,2023-03-09,18:28:00,2023-03-09,13:28:00,
DAL1695.ATL.IAD.230308.1920.0088.TFM,KATL,KIAD,2023-03-09 21:11:00,2023-03-09 21:02:00,DAL,2023-03-09 16:11:00,2023-03-09 16:02:00,6.0,0.0,0.0,2023-03-09,21:11:00,2023-03-09,16:11:00,
DAL516.LAX.JFK.230308.0555.0023.TFM,KLAX,KJFK,2023-03-09 10:42:00,2023-03-09 11:10:00,DAL,2023-03-09 05:42:00,2023-03-09 06:10:00,7.0,8.0,0.0,2023-03-09,10:42:00,2023-03-09,05:42:00,
DAL927.ATL.LGA.230308.1500.0294.TFM,KATL,KLGA,2023-03-09 16:54:00,2023-03-09 17:17:00,DAL,2023-03-09 11:54:00,2023-03-09 12:17:00,9.0,0.0,0.0,2023-03-09,16:54:00,2023-03-09,11:54:00,
DAL675.LAX.BOS.230308.0530.0040.TFM,KLAX,KBOS,2023-03-09 10:59:00,2023-03-09 10:55:00,DAL,2023-03-09 05:59:00,2023-03-09 05:55:00,1.0,8.0,0.0,2023-03-09,10:59:00,2023-03-09,05:59:00,
DAL848.LGA.ATL.230308.1725.0120.TFM,KLGA,KATL,2023-03-09 19:44:00,2023-03-09 20:08:00,DAL,2023-03-09 14:44:00,2023-03-09 15:08:00,0.0,9.0,0.0,2023-03-09,19:44:00,2023-03-09,14:44:00,
DAL839.ATL.DFW.230308.1200.0251.TFM,KATL,KDFW,2023-03-09 14:18:00,2023-03-09 14:25:00,DAL,2023-03-09 09:18:00,2023-03-09 09:25:00,4.0,0.0,0.0,2023-03-09,14:18:00,2023-03-09,09:18:00,
DAL2788.ATL.BWI.230308.1345.0078.TFM,KATL,KBWI,2023-03-09 15:12:00,2023-03-09 15:35:00,DAL,2023-03-09 10:12:00,2023-03-09 10:35:00,2.0,0.0,0.0,2023-03-09,15:12:00,2023-03-09,10:12:00,
DAL2581.LAX.SFO.230308.1635.0049.TFM,KLAX,KSFO,2023-03-09 18:39:00,2023-03-09 18:05:00,DAL,2023-03-09 13:39:00,2023-03-09 13:05:00,11.0,8.0,34.0,2023-03-09,18:39:00,2023-03-09,13:39:00,
DAL538.LAX.JFK.230308.1400.0307.TFM,KLAX,KJFK,2023-03-09 18:58:00,2023-03-09 19:24:00,DAL,2023-03-09 13:58:00,2023-03-09 14:24:00,7.0,8.0,0.0,2023-03-09,18:58:00,2023-03-09,13:58:00,
DAL695.BOS.ATL.230308.1050.0041.TFM,KBOS,KATL,2023-03-09 13:38:00,2023-03-09 13:55:00,DAL,2023-03-09 08:38:00,2023-03-09 08:55:00,0.0,1.0,0.0,2023-03-09,13:38:00,2023-03-09,08:38:00,
DAL849.ATL.BOS.230308.1345.0080.TFM,KATL,KBOS,2023-03-09 16:05:00,2023-03-09 16:21:00,DAL,2023-03-09 11:05:00,2023-03-09 11:21:00,1.0,0.0,0.0,2023-03-09,16:05:00,2023-03-09,11:05:00,
DAL334.ATL.BOS.230308.2155.0133.TFM,KATL,KBOS,2023-03-10 00:14:00,2023-03-10 00:32:00,DAL,2023-03-09 19:14:00,2023-03-09 19:32:00,1.0,0.0,0.0,2023-03-10,00:14:00,2023-03-09,19:14:00,
DAL455.ATL.DCA.230308.1955.0135.TFM,KATL,KDCA,2023-03-09 21:24:00,2023-03-09 21:38:00,DAL,2023-03-09 16:24:00,2023-03-09 16:38:00,3.0,0.0,0.0,2023-03-09,21:24:00,2023-03-09,16:24:00,
DAL873.LAX.ATL.230308.0555.0020.TFM,KLAX,KATL,2023-03-09 09:56:00,2023-03-09 10:00:00,DAL,2023-03-09 04:56:00,2023-03-09 05:00:00,0.0,8.0,0.0,2023-03-09,09:56:00,2023-03-09,04:56:00,
DAL514.LGA.ATL.230308.1825.0108.TFM,KLGA,KATL,2023-03-09 20:59:00,2023-03-09 21:01:00,DAL,2023-03-09 15:59:00,2023-03-09 16:01:00,0.0,9.0,0.0,2023-03-09,20:59:00,2023-03-09,15:59:00,
DAL1625.ATL.JFK.230308.1455.0118.TFM,KATL,KJFK,2023-03-09 17:14:00,2023-03-09 17:18:00,DAL,2023-03-09 12:14:00,2023-03-09 12:18:00,7.0,0.0,0.0,2023-03-09,17:14:00,2023-03-09,12:14:00,
DAL569.LAX.BOS.230308.1525.0087.TFM,KLAX,KBOS,2023-03-09 20:36:00,2023-03-09 20:55:00,DAL,2023-03-09 15:36:00,2023-03-09 15:55:00,1.0,8.0,0.0,2023-03-09,20:36:00,2023-03-09,15:36:00,
DAL425.BOS.LAX.230308.1240.0041.TFM,KBOS,KLAX,2023-03-09 19:29:00,2023-03-09 19:15:00,DAL,2023-03-09 14:29:00,2023-03-09 14:15:00,8.0,1.0,0.0,2023-03-09,19:29:00,2023-03-09,14:29:00,
DAL348.LGA.ATL.230308.1525.0104.TFM,KLGA,KATL,2023-03-09 17:57:00,2023-03-09 18:09:00,DAL,2023-03-09 12:57:00,2023-03-09 13:09:00,0.0,9.0,0.0,2023-03-09,17:57:00,2023-03-09,12:57:00,
DAL2264.BOS.ATL.230308.1355.0033.TFM,KBOS,KATL,2023-03-09 16:55:00,2023-03-09 16:56:00,DAL,2023-03-09 11:55:00,2023-03-09 11:56:00,0.0,1.0,0.0,2023-03-09,16:55:00,2023-03-09,11:55:00,
DAL2198.ATL.EWR.230308.1215.0073.TFM,KATL,KEWR,2023-03-09 14:31:00,2023-03-09 14:24:00,DAL,2023-03-09 09:31:00,2023-03-09 09:24:00,5.0,0.0,0.0,2023-03-09,14:31:00,2023-03-09,09:31:00,
DAL518.BOS.ATL.230308.1215.0044.TFM,KBOS,KATL,2023-03-09 15:06:00,2023-03-09 15:21:00,DAL,2023-03-09 10:06:00,2023-03-09 10:21:00,0.0,1.0,0.0,2023-03-09,15:06:00,2023-03-09,10:06:00,
DAL815.DFW.ATL.230308.2135.0122.TFM,KDFW,KATL,2023-03-09 23:24:00,2023-03-09 23:34:00,DAL,2023-03-09 18:24:00,2023-03-09 18:34:00,0.0,4.0,0.0,2023-03-09,23:24:00,2023-03-09,18:24:00,
DAL563.DFW.LAX.230308.1200.0261.TFM,KDFW,KLAX,2023-03-09 15:19:00,2023-03-09 15:30:00,DAL,2023-03-09 10:19:00,2023-03-09 10:30:00,8.0,4.0,0.0,2023-03-09,15:19:00,2023-03-09,10:19:00,
DAL690.SFO.ATL.230308.1415.0131.TFM,KSFO,KATL,2023-03-09 18:43:00,2023-03-09 18:45:00,DAL,2023-03-09 13:43:00,2023-03-09 13:45:00,0.0,11.0,0.0,2023-03-09,18:43:00,2023-03-09,13:43:00,
DAL376.BOS.ATL.230308.1900.0063.TFM,KBOS,KATL,2023-03-09 21:54:00,2023-03-09 22:02:00,DAL,2023-03-09 16:54:00,2023-03-09 17:02:00,0.0,1.0,0.0,2023-03-09,21:54:00,2023-03-09,16:54:00,
DAL492.DFW.BOS.230308.1730.0185.TFM,KDFW,KBOS,2023-03-09 21:07:00,2023-03-09 21:09:00,DAL,2023-03-09 16:07:00,2023-03-09 16:09:00,1.0,4.0,0.0,2023-03-09,21:07:00,2023-03-09,16:07:00,
DAL928.ATL.DCA.230308.2250.0076.TFM,KATL,KDCA,2023-03-10 01:12:00,2023-03-10 00:33:00,DAL,2023-03-09 20:12:00,2023-03-09 19:33:00,3.0,0.0,39.0,2023-03-10,01:12:00,2023-03-09,20:12:00,
DAL2334.LAX.JFK.230308.2120.0084.TFM,KLAX,KJFK,2023-03-10 03:05:00,2023-03-10 02:25:00,DAL,2023-03-09 22:05:00,2023-03-09 21:25:00,7.0,8.0,40.0,2023-03-10,03:05:00,2023-03-09,22:05:00,
DAL846.LGA.ATL.230308.2045.0062.TFM,KLGA,KATL,2023-03-09 23:25:00,2023-03-09 23:24:00,DAL,2023-03-09 18:25:00,2023-03-09 18:24:00,0.0,9.0,0.0,2023-03-09,23:25:00,2023-03-09,18:25:00,
DAL340.BOS.SEA.230308.1605.0130.TFM,KBOS,KSEA,2023-03-09 22:17:00,2023-03-09 22:28:00,DAL,2023-03-09 17:17:00,2023-03-09 17:28:00,10.0,1.0,0.0,2023-03-09,22:17:00,2023-03-09,17:17:00,
DAL462.LGA.ATL.230308.1425.0036.TFM,KLGA,KATL,2023-03-09 16:39:00,2023-03-09 17:08:00,DAL,2023-03-09 11:39:00,2023-03-09 12:08:00,0.0,9.0,0.0,2023-03-09,16:39:00,2023-03-09,11:39:00,
DAL1358.SEA.LAX.230308.1935.0053.TFM,KSEA,KLAX,2023-03-09 21:54:00,2023-03-09 22:22:00,DAL,2023-03-09 16:54:00,2023-03-09 17:22:00,8.0,10.0,0.0,2023-03-09,21:54:00,2023-03-09,16:54:00,
DAL738.LAX.DFW.230308.1645.0069.TFM,KLAX,KDFW,2023-03-09 19:52:00,2023-03-09 19:46:00,DAL,2023-03-09 14:52:00,2023-03-09 14:46:00,4.0,8.0,0.0,2023-03-09,19:52:00,2023-03-09,14:52:00,
DAL778.DFW.LGA.230308.1200.0249.TFM,KDFW,KLGA,2023-03-09 15:13:00,2023-03-09 15:28:00,DAL,2023-03-09 10:13:00,2023-03-09 10:28:00,9.0,4.0,0.0,2023-03-09,15:13:00,2023-03-09,10:13:00,
DAL951.JFK.SFO.230308.2045.0076.TFM,KJFK,KSFO,2023-03-10 05:19:00,2023-03-10 03:41:00,DAL,2023-03-10 00:19:00,2023-03-09 22:41:00,11.0,7.0,98.0,2023-03-10,05:19:00,2023-03-10,00:19:00,
DAL2820.IAD.ATL.230308.1745.0121.TFM,KIAD,KATL,2023-03-09 19:26:00,2023-03-09 19:37:00,DAL,2023-03-09 14:26:00,2023-03-09 14:37:00,0.0,6.0,0.0,2023-03-09,19:26:00,2023-03-09,14:26:00,
DAL2647.ATL.EWR.230308.1850.0162.TFM,KATL,KEWR,2023-03-09 20:44:00,2023-03-09 20:59:00,DAL,2023-03-09 15:44:00,2023-03-09 15:59:00,5.0,0.0,0.0,2023-03-09,20:44:00,2023-03-09,15:44:00,
DAL987.ATL.SEA.230308.1310.0161.TFM,KATL,KSEA,2023-03-09 18:22:00,2023-03-09 18:45:00,DAL,2023-03-09 13:22:00,2023-03-09 13:45:00,10.0,0.0,0.0,2023-03-09,18:22:00,2023-03-09,13:22:00,
DAL774.SFO.ATL.230308.2030.0184.TFM,KSFO,KATL,2023-03-10 01:28:00,2023-03-10 01:01:00,DAL,2023-03-09 20:28:00,2023-03-09 20:01:00,0.0,11.0,27.0,2023-03-10,01:28:00,2023-03-09,20:28:00,
DAL2820.ATL.IAD.230308.1505.0129.TFM,KATL,KIAD,2023-03-09 16:40:00,2023-03-09 16:50:00,DAL,2023-03-09 11:40:00,2023-03-09 11:50:00,6.0,0.0,0.0,2023-03-09,16:40:00,2023-03-09,11:40:00,
DAL2332.IAD.ATL.230308.1440.0066.TFM,KIAD,KATL,2023-03-09 16:15:00,2023-03-09 16:29:00,DAL,2023-03-09 11:15:00,2023-03-09 11:29:00,0.0,6.0,0.0,2023-03-09,16:15:00,2023-03-09,11:15:00,
DAL754.SEA.ATL.230308.1955.0128.TFM,KSEA,KATL,2023-03-10 00:21:00,2023-03-10 00:44:00,DAL,2023-03-09 19:21:00,2023-03-09 19:44:00,0.0,10.0,0.0,2023-03-10,00:21:00,2023-03-09,19:21:00,
DAL2266.EWR.ATL.230308.1100.0196.TFM,KEWR,KATL,2023-03-09 12:55:00,2023-03-09 13:23:00,DAL,2023-03-09 07:55:00,2023-03-09 08:23:00,0.0,5.0,0.0,2023-03-09,12:55:00,2023-03-09,07:55:00,
DAL729.SFO.LAX.230308.1400.0294.TFM,KSFO,KLAX,2023-03-09 15:09:00,2023-03-09 15:33:00,DAL,2023-03-09 10:09:00,2023-03-09 10:33:00,8.0,11.0,0.0,2023-03-09,15:09:00,2023-03-09,10:09:00,
DAL781.ATL.DCA.230308.1410.0143.TFM,KATL,KDCA,2023-03-09 15:33:00,2023-03-09 15:50:00,DAL,2023-03-09 10:33:00,2023-03-09 10:50:00,3.0,0.0,0.0,2023-03-09,15:33:00,2023-03-09,10:33:00,
DAL740.ATL.EWR.230308.1425.0037.TFM,KATL,KEWR,2023-03-09 16:17:00,2023-03-09 16:28:00,DAL,2023-03-09 11:17:00,2023-03-09 11:28:00,5.0,0.0,0.0,2023-03-09,16:17:00,2023-03-09,11:17:00,
DAL816.ATL.DFW.230308.2215.0164.TFM,KATL,KDFW,2023-03-10 02:31:00,2023-03-10 00:40:00,DAL,2023-03-09 21:31:00,2023-03-09 19:40:00,4.0,0.0,111.0,2023-03-10,02:31:00,2023-03-09,21:31:00,
DAL2332.ATL.IAD.230308.1205.0053.TFM,KATL,KIAD,2023-03-09 13:26:00,2023-03-09 13:45:00,DAL,2023-03-09 08:26:00,2023-03-09 08:45:00,6.0,0.0,0.0,2023-03-09,13:26:00,2023-03-09,08:26:00,
DAL2310.SFO.SEA.230308.1425.0035.TFM,KSFO,KSEA,2023-03-09 16:16:00,2023-03-09 16:41:00,DAL,2023-03-09 11:16:00,2023-03-09 11:41:00,10.0,11.0,0.0,2023-03-09,16:16:00,2023-03-09,11:16:00,
DAL2427.BWI.ATL.230308.1100.0169.TFM,KBWI,KATL,2023-03-09 12:47:00,2023-03-09 12:55:00,DAL,2023-03-09 07:47:00,2023-03-09 07:55:00,0.0,2.0,0.0,2023-03-09,12:47:00,2023-03-09,07:47:00,
DAL2895.BWI.ATL.230308.1300.0349.TFM,KBWI,KATL,2023-03-09 14:45:00,2023-03-09 14:58:00,DAL,2023-03-09 09:45:00,2023-03-09 09:58:00,0.0,2.0,0.0,2023-03-09,14:45:00,2023-03-09,09:45:00,
DAL2814.BOS.LGA.230308.1100.0044.TFM,KBOS,KLGA,2023-03-09 12:08:00,2023-03-09 12:29:00,DAL,2023-03-09 07:08:00,2023-03-09 07:29:00,9.0,1.0,0.0,2023-03-09,12:08:00,2023-03-09,07:08:00,
DAL860.LGA.ATL.230308.1100.0088.TFM,KLGA,KATL,2023-03-09 13:19:00,2023-03-09 13:32:00,DAL,2023-03-09 08:19:00,2023-03-09 08:32:00,0.0,9.0,0.0,2023-03-09,13:19:00,2023-03-09,08:19:00,
DAL378.ATL.LGA.230308.1100.0045.TFM,KATL,KLGA,2023-03-09 13:15:00,2023-03-09 13:15:00,DAL,2023-03-09 08:15:00,2023-03-09 08:15:00,9.0,0.0,0.0,2023-03-09,13:15:00,2023-03-09,08:15:00,
DAL316.ATL.DCA.230308.1515.0146.TFM,KATL,KDCA,2023-03-09 16:43:00,2023-03-09 17:00:00,DAL,2023-03-09 11:43:00,2023-03-09 12:00:00,3.0,0.0,0.0,2023-03-09,16:43:00,2023-03-09,11:43:00,
DAL2198.EWR.ATL.230308.1525.0101.TFM,KEWR,KATL,2023-03-09 17:46:00,2023-03-09 17:54:00,DAL,2023-03-09 12:46:00,2023-03-09 12:54:00,0.0,5.0,0.0,2023-03-09,17:46:00,2023-03-09,12:46:00,
DAL740.EWR.ATL.230308.1730.0203.TFM,KEWR,KATL,2023-03-09 19:33:00,2023-03-09 19:49:00,DAL,2023-03-09 14:33:00,2023-03-09 14:49:00,0.0,5.0,0.0,2023-03-09,19:33:00,2023-03-09,14:33:00,
DAL2049.JFK.ATL.230308.1100.0128.TFM,KJFK,KATL,2023-03-09 13:30:00,2023-03-09 13:40:00,DAL,2023-03-09 08:30:00,2023-03-09 08:40:00,0.0,7.0,0.0,2023-03-09,13:30:00,2023-03-09,08:30:00,
DAL2093.EWR.ATL.230308.1200.0208.TFM,KEWR,KATL,2023-03-09 14:08:00,2023-03-09 14:28:00,DAL,2023-03-09 09:08:00,2023-03-09 09:28:00,0.0,5.0,0.0,2023-03-09,14:08:00,2023-03-09,09:08:00,
DAL793.ATL.LGA.230308.1400.0332.TFM,KATL,KLGA,2023-03-09 15:55:00,2023-03-09 16:12:00,DAL,2023-03-09 10:55:00,2023-03-09 11:12:00,9.0,0.0,0.0,2023-03-09,15:55:00,2023-03-09,10:55:00,
DAL968.JFK.DFW.230308.1335.0113.TFM,KJFK,KDFW,2023-03-09 17:57:00,2023-03-09 17:55:00,DAL,2023-03-09 12:57:00,2023-03-09 12:55:00,4.0,7.0,0.0,2023-03-09,17:57:00,2023-03-09,12:57:00,
DAL2178.ATL.EWR.230308.1555.0110.TFM,KATL,KEWR,2023-03-09 17:52:00,2023-03-09 18:00:00,DAL,2023-03-09 12:52:00,2023-03-09 13:00:00,5.0,0.0,0.0,2023-03-09,17:52:00,2023-03-09,12:52:00,
DAL365.BOS.SFO.230308.1300.0351.TFM,KBOS,KSFO,2023-03-09 20:31:00,2023-03-09 20:05:00,DAL,2023-03-09 15:31:00,2023-03-09 15:05:00,11.0,1.0,26.0,2023-03-09,20:31:00,2023-03-09,15:31:00,
DAL957.JFK.SFO.230308.2240.0091.TFM,KJFK,KSFO,2023-03-10 06:18:00,2023-03-10 05:34:00,DAL,2023-03-10 01:18:00,2023-03-10 00:34:00,11.0,7.0,44.0,2023-03-10,06:18:00,2023-03-10,01:18:00,
DAL363.BOS.ATL.230308.1735.0066.TFM,KBOS,KATL,2023-03-09 20:26:00,2023-03-09 20:29:00,DAL,2023-03-09 15:26:00,2023-03-09 15:29:00,0.0,1.0,0.0,2023-03-09,20:26:00,2023-03-09,15:26:00,
DAL392.DCA.ATL.230308.1510.0088.TFM,KDCA,KATL,2023-03-09 16:55:00,2023-03-09 17:07:00,DAL,2023-03-09 11:55:00,2023-03-09 12:07:00,0.0,3.0,0.0,2023-03-09,16:55:00,2023-03-09,11:55:00,
DAL572.ATL.BOS.230308.1715.0153.TFM,KATL,KBOS,2023-03-09 19:40:00,2023-03-09 19:45:00,DAL,2023-03-09 14:40:00,2023-03-09 14:45:00,1.0,0.0,0.0,2023-03-09,19:40:00,2023-03-09,14:40:00,
DAL536.JFK.LAX.230308.1700.0284.TFM,KJFK,KLAX,2023-03-09 23:16:00,2023-03-09 23:15:00,DAL,2023-03-09 18:16:00,2023-03-09 18:15:00,8.0,7.0,0.0,2023-03-09,23:16:00,2023-03-09,18:16:00,
DAL2550.IAD.ATL.230308.1100.0154.TFM,KIAD,KATL,2023-03-09 12:44:00,2023-03-09 12:48:00,DAL,2023-03-09 07:44:00,2023-03-09 07:48:00,0.0,6.0,0.0,2023-03-09,12:44:00,2023-03-09,07:44:00,
DAL1028.BOS.JFK.230308.1100.0107.TFM,KBOS,KJFK,2023-03-09 12:22:00,2023-03-09 12:27:00,DAL,2023-03-09 07:22:00,2023-03-09 07:27:00,7.0,1.0,0.0,2023-03-09,12:22:00,2023-03-09,07:22:00,
DAL2267.LAX.SFO.230308.2130.0099.TFM,KLAX,KSFO,2023-03-09 23:33:00,2023-03-09 22:56:00,DAL,2023-03-09 18:33:00,2023-03-09 17:56:00,11.0,8.0,37.0,2023-03-09,23:33:00,2023-03-09,18:33:00,
DAL513.DCA.ATL.230308.1100.0049.TFM,KDCA,KATL,2023-03-09 12:53:00,2023-03-09 12:53:00,DAL,2023-03-09 07:53:00,2023-03-09 07:53:00,0.0,3.0,0.0,2023-03-09,12:53:00,2023-03-09,07:53:00,
DAL488.LGA.ATL.230308.1200.0263.TFM,KLGA,KATL,2023-03-09 14:33:00,2023-03-09 14:34:00,DAL,2023-03-09 09:33:00,2023-03-09 09:34:00,0.0,9.0,0.0,2023-03-09,14:33:00,2023-03-09,09:33:00,
DAL834.LAX.ATL.230308.1830.0136.TFM,KLAX,KATL,2023-03-09 22:37:00,2023-03-09 22:41:00,DAL,2023-03-09 17:37:00,2023-03-09 17:41:00,0.0,8.0,0.0,2023-03-09,22:37:00,2023-03-09,17:37:00,
DAL839.DFW.ATL.230308.1535.0069.TFM,KDFW,KATL,2023-03-09 17:45:00,2023-03-09 17:35:00,DAL,2023-03-09 12:45:00,2023-03-09 12:35:00,0.0,4.0,0.0,2023-03-09,17:45:00,2023-03-09,12:45:00,
DAL548.LAX.JFK.230308.1725.0070.TFM,KLAX,KJFK,2023-03-09 23:04:00,2023-03-09 23:00:00,DAL,2023-03-09 18:04:00,2023-03-09 18:00:00,7.0,8.0,0.0,2023-03-09,23:04:00,2023-03-09,18:04:00,
DAL721.ATL.SFO.230308.1530.0111.TFM,KATL,KSFO,2023-03-09 22:14:00,2023-03-09 21:06:00,DAL,2023-03-09 17:14:00,2023-03-09 16:06:00,11.0,0.0,68.0,2023-03-09,22:14:00,2023-03-09,17:14:00,
DAL713.DFW.LGA.230308.1930.0117.TFM,KDFW,KLGA,2023-03-09 23:32:00,2023-03-09 22:57:00,DAL,2023-03-09 18:32:00,2023-03-09 17:57:00,9.0,4.0,35.0,2023-03-09,23:32:00,2023-03-09,18:32:00,
DAL899.LAX.ATL.230308.1935.0062.TFM,KLAX,KATL,2023-03-09 23:27:00,2023-03-09 23:47:00,DAL,2023-03-09 18:27:00,2023-03-09 18:47:00,0.0,8.0,0.0,2023-03-09,23:27:00,2023-03-09,18:27:00,
DAL746.DFW.LGA.230308.1610.0067.TFM,KDFW,KLGA,2023-03-09 19:12:00,2023-03-09 19:29:00,DAL,2023-03-09 14:12:00,2023-03-09 14:29:00,9.0,4.0,0.0,2023-03-09,19:12:00,2023-03-09,14:12:00,
DAL2902.ATL.IAD.230308.2205.0085.TFM,KATL,KIAD,2023-03-10 01:00:00,2023-03-09 23:44:00,DAL,2023-03-09 20:00:00,2023-03-09 18:44:00,6.0,0.0,76.0,2023-03-10,01:00:00,2023-03-09,20:00:00,
DAL674.ATL.BOS.230308.2055.0116.TFM,KATL,KBOS,2023-03-09 23:22:00,2023-03-09 23:30:00,DAL,2023-03-09 18:22:00,2023-03-09 18:30:00,1.0,0.0,0.0,2023-03-09,23:22:00,2023-03-09,18:22:00,
DAL781.DCA.ATL.230308.1650.0129.TFM,KDCA,KATL,2023-03-09 18:37:00,2023-03-09 18:48:00,DAL,2023-03-09 13:37:00,2023-03-09 13:48:00,0.0,3.0,0.0,2023-03-09,18:37:00,2023-03-09,13:37:00,
DAL401.DFW.ATL.230308.1130.0155.TFM,KDFW,KATL,2023-03-09 13:30:00,2023-03-09 13:29:00,DAL,2023-03-09 08:30:00,2023-03-09 08:29:00,0.0,4.0,0.0,2023-03-09,13:30:00,2023-03-09,08:30:00,
DAL983.DFW.ATL.230308.1300.0358.TFM,KDFW,KATL,2023-03-09 14:57:00,2023-03-09 15:05:00,DAL,2023-03-09 09:57:00,2023-03-09 10:05:00,0.0,4.0,0.0,2023-03-09,14:57:00,2023-03-09,09:57:00,
DAL2752.BWI.ATL.230308.2225.0070.TFM,KBWI,KATL,2023-03-10 00:13:00,2023-03-10 00:22:00,DAL,2023-03-09 19:13:00,2023-03-09 19:22:00,0.0,2.0,0.0,2023-03-10,00:13:00,2023-03-09,19:13:00,
DAL427.SEA.BOS.230308.1525.0106.TFM,KSEA,KBOS,2023-03-09 20:35:00,2023-03-09 20:42:00,DAL,2023-03-09 15:35:00,2023-03-09 15:42:00,1.0,10.0,0.0,2023-03-09,20:35:00,2023-03-09,15:35:00,
DAL505.SFO.JFK.230308.1955.0139.TFM,KSFO,KJFK,2023-03-10 01:47:00,2023-03-10 01:29:00,DAL,2023-03-09 20:47:00,2023-03-09 20:29:00,7.0,11.0,18.0,2023-03-10,01:47:00,2023-03-09,20:47:00,
DAL716.JFK.ATL.230308.1700.0134.TFM,KJFK,KATL,2023-03-09 19:22:00,2023-03-09 19:35:00,DAL,2023-03-09 14:22:00,2023-03-09 14:35:00,0.0,7.0,0.0,2023-03-09,19:22:00,2023-03-09,14:22:00,
DAL528.ATL.LGA.230308.1705.0069.TFM,KATL,KLGA,2023-03-09 19:17:00,2023-03-09 19:15:00,DAL,2023-03-09 14:17:00,2023-03-09 14:15:00,9.0,0.0,0.0,2023-03-09,19:17:00,2023-03-09,14:17:00,
DAL2590.ATL.BWI.230308.1240.0037.TFM,KATL,KBWI,2023-03-09 14:46:00,2023-03-09 14:29:00,DAL,2023-03-09 09:46:00,2023-03-09 09:29:00,2.0,0.0,17.0,2023-03-09,14:46:00,2023-03-09,09:46:00,
DAL2897.ATL.JFK.230308.1715.0147.TFM,KATL,KJFK,2023-03-09 19:16:00,2023-03-09 19:29:00,DAL,2023-03-09 14:16:00,2023-03-09 14:29:00,7.0,0.0,0.0,2023-03-09,19:16:00,2023-03-09,14:16:00,
DAL504.BOS.LAX.230308.2005.0091.TFM,KBOS,KLAX,2023-03-10 02:33:00,2023-03-10 02:34:00,DAL,2023-03-09 21:33:00,2023-03-09 21:34:00,8.0,1.0,0.0,2023-03-10,02:33:00,2023-03-09,21:33:00,
DAL915.SFO.JFK.230308.1400.0336.TFM,KSFO,KJFK,2023-03-09 18:45:00,2023-03-09 19:35:00,DAL,2023-03-09 13:45:00,2023-03-09 14:35:00,7.0,11.0,0.0,2023-03-09,18:45:00,2023-03-09,13:45:00,
DAL325.JFK.SFO.230308.1345.0075.TFM,KJFK,KSFO,2023-03-09 20:56:00,2023-03-09 20:37:00,DAL,2023-03-09 15:56:00,2023-03-09 15:37:00,11.0,7.0,19.0,2023-03-09,20:56:00,2023-03-09,15:56:00,
DAL1703.SEA.LAX.230308.2140.0066.TFM,KSEA,KLAX,2023-03-10 00:04:00,2023-03-10 00:20:00,DAL,2023-03-09 19:04:00,2023-03-09 19:20:00,8.0,10.0,0.0,2023-03-10,00:04:00,2023-03-09,19:04:00,
DAL986.JFK.DFW.230308.2330.0127.TFM,KJFK,KDFW,2023-03-10 03:44:00,2023-03-10 03:48:00,DAL,2023-03-09 22:44:00,2023-03-09 22:48:00,4.0,7.0,0.0,2023-03-10,03:44:00,2023-03-09,22:44:00,
DAL2788.BWI.ATL.230308.1650.0116.TFM,KBWI,KATL,2023-03-09 18:35:00,2023-03-09 18:42:00,DAL,2023-03-09 13:35:00,2023-03-09 13:42:00,0.0,2.0,0.0,2023-03-09,18:35:00,2023-03-09,13:35:00,
DAL791.DFW.LGA.230308.2235.0124.TFM,KDFW,KLGA,2023-03-10 02:13:00,2023-03-10 02:04:00,DAL,2023-03-09 21:13:00,2023-03-09 21:04:00,9.0,4.0,0.0,2023-03-10,02:13:00,2023-03-09,21:13:00,
DAL350.ATL.BOS.230308.1845.0161.TFM,KATL,KBOS,2023-03-09 21:20:00,2023-03-09 21:20:00,DAL,2023-03-09 16:20:00,2023-03-09 16:20:00,1.0,0.0,0.0,2023-03-09,21:20:00,2023-03-09,16:20:00,
DAL512.BOS.ATL.230308.2230.0230.TFM,KBOS,KATL,2023-03-10 01:29:00,2023-03-10 01:32:00,DAL,2023-03-09 20:29:00,2023-03-09 20:32:00,0.0,1.0,0.0,2023-03-10,01:29:00,2023-03-09,20:29:00,
DAL2575.EWR.ATL.230308.1300.0324.TFM,KEWR,KATL,2023-03-09 15:18:00,2023-03-09 15:29:00,DAL,2023-03-09 10:18:00,2023-03-09 10:29:00,0.0,5.0,0.0,2023-03-09,15:18:00,2023-03-09,10:18:00,
DAL395.LAX.ATL.230308.0700.0019.TFM,KLAX,KATL,2023-03-09 13:27:00,2023-03-09 11:04:00,DAL,2023-03-09 08:27:00,2023-03-09 06:04:00,0.0,8.0,143.0,2023-03-09,13:27:00,2023-03-09,08:27:00,
DAL961.DFW.ATL.230308.1815.0154.TFM,KDFW,KATL,2023-03-09 20:08:00,2023-03-09 20:16:00,DAL,2023-03-09 15:08:00,2023-03-09 15:16:00,0.0,4.0,0.0,2023-03-09,20:08:00,2023-03-09,15:08:00,
DAL753.ATL.LAX.230308.1915.0128.TFM,KATL,KLAX,2023-03-10 00:14:00,2023-03-10 00:24:00,DAL,2023-03-09 19:14:00,2023-03-09 19:24:00,8.0,0.0,0.0,2023-03-10,00:14:00,2023-03-09,19:14:00,
DAL794.ATL.JFK.230308.1215.0123.TFM,KATL,KJFK,2023-03-09 14:17:00,2023-03-09 14:34:00,DAL,2023-03-09 09:17:00,2023-03-09 09:34:00,7.0,0.0,0.0,2023-03-09,14:17:00,2023-03-09,09:17:00,
DAL2670.BWI.ATL.230308.1955.0116.TFM,KBWI,KATL,2023-03-09 21:40:00,2023-03-09 21:52:00,DAL,2023-03-09 16:40:00,2023-03-09 16:52:00,0.0,2.0,0.0,2023-03-09,21:40:00,2023-03-09,16:40:00,
DAL2226.ATL.EWR.230308.2050.0160.TFM,KATL,KEWR,2023-03-09 22:39:00,2023-03-09 22:59:00,DAL,2023-03-09 17:39:00,2023-03-09 17:59:00,5.0,0.0,0.0,2023-03-09,22:39:00,2023-03-09,17:39:00,
DAL950.ATL.LAX.230308.2125.0077.TFM,KATL,KLAX,2023-03-10 02:55:00,2023-03-10 02:11:00,DAL,2023-03-09 21:55:00,2023-03-09 21:11:00,8.0,0.0,44.0,2023-03-10,02:55:00,2023-03-09,21:55:00,
DAL392.ATL.DCA.230308.1215.0085.TFM,KATL,KDCA,2023-03-09 13:50:00,2023-03-09 14:00:00,DAL,2023-03-09 08:50:00,2023-03-09 09:00:00,3.0,0.0,0.0,2023-03-09,13:50:00,2023-03-09,08:50:00,
DAL1187.JFK.BOS.230308.2310.0087.TFM,KJFK,KBOS,2023-03-10 00:50:00,2023-03-10 00:35:00,DAL,2023-03-09 19:50:00,2023-03-09 19:35:00,1.0,7.0,0.0,2023-03-10,00:50:00,2023-03-09,19:50:00,
DAL380.DCA.LAX.230308.2230.0260.TFM,KDCA,KLAX,2023-03-10 04:32:00,2023-03-10 04:39:00,DAL,2023-03-09 23:32:00,2023-03-09 23:39:00,8.0,3.0,0.0,2023-03-10,04:32:00,2023-03-09,23:32:00,
DAL815.ATL.DFW.230308.1800.0133.TFM,KATL,KDFW,2023-03-09 20:13:00,2023-03-09 20:21:00,DAL,2023-03-09 15:13:00,2023-03-09 15:21:00,4.0,0.0,0.0,2023-03-09,20:13:00,2023-03-09,15:13:00,
DAL2890.JFK.ATL.230308.2230.0181.TFM,KJFK,KATL,2023-03-10 00:49:00,2023-03-10 01:10:00,DAL,2023-03-09 19:49:00,2023-03-09 20:10:00,0.0,7.0,0.0,2023-03-10,00:49:00,2023-03-09,19:49:00,
DAL819.ATL.LGA.230308.1200.0253.TFM,KATL,KLGA,2023-03-09 14:07:00,2023-03-09 14:15:00,DAL,2023-03-09 09:07:00,2023-03-09 09:15:00,9.0,0.0,0.0,2023-03-09,14:07:00,2023-03-09,09:07:00,
DAL2192.BWI.ATL.230308.1200.0147.TFM,KBWI,KATL,2023-03-09 13:51:00,2023-03-09 14:00:00,DAL,2023-03-09 08:51:00,2023-03-09 09:00:00,0.0,2.0,0.0,2023-03-09,13:51:00,2023-03-09,08:51:00,
DAL559.LAX.ATL.230308.1500.0277.TFM,KLAX,KATL,2023-03-09 18:57:00,2023-03-09 19:04:00,DAL,2023-03-09 13:57:00,2023-03-09 14:04:00,0.0,8.0,0.0,2023-03-09,18:57:00,2023-03-09,13:57:00,
DAL455.DCA.ATL.230308.2240.0108.TFM,KDCA,KATL,2023-03-10 00:27:00,2023-03-10 00:48:00,DAL,2023-03-09 19:27:00,2023-03-09 19:48:00,0.0,3.0,0.0,2023-03-10,00:27:00,2023-03-09,19:27:00,
DAL505.JFK.SFO.230308.1200.0269.TFM,KJFK,KSFO,2023-03-09 18:58:00,2023-03-09 18:45:00,DAL,2023-03-09 13:58:00,2023-03-09 13:45:00,11.0,7.0,0.0,2023-03-09,18:58:00,2023-03-09,13:58:00,
DAL962.LGA.ATL.230308.2200.0211.TFM,KLGA,KATL,2023-03-10 01:03:00,2023-03-10 00:36:00,DAL,2023-03-09 20:03:00,2023-03-09 19:36:00,0.0,9.0,27.0,2023-03-10,01:03:00,2023-03-09,20:03:00,
DAL721.SFO.ATL.230308.2220.0082.TFM,KSFO,KATL,2023-03-10 03:35:00,2023-03-10 02:49:00,DAL,2023-03-09 22:35:00,2023-03-09 21:49:00,0.0,11.0,46.0,2023-03-10,03:35:00,2023-03-09,22:35:00,
DAL897.ATL.LAX.230308.2325.0104.TFM,KATL,KLAX,2023-03-10 04:29:00,2023-03-10 04:31:00,DAL,2023-03-09 23:29:00,2023-03-09 23:31:00,8.0,0.0,0.0,2023-03-10,04:29:00,2023-03-09,23:29:00,
DAL715.ATL.LAX.230308.0255.0043.TFM,KATL,KLAX,2023-03-09 08:19:00,2023-03-09 07:57:00,DAL,2023-03-09 03:19:00,2023-03-09 02:57:00,8.0,0.0,22.0,2023-03-09,08:19:00,2023-03-09,03:19:00,245.0
DAL685.JFK.LAX.230308.1815.0153.TFM,KJFK,KLAX,2023-03-10 01:11:00,2023-03-10 00:27:00,DAL,2023-03-09 20:11:00,2023-03-09 19:27:00,8.0,7.0,44.0,2023-03-10,01:11:00,2023-03-09,20:11:00,
DAL458.ATL.LGA.230308.1300.0331.TFM,KATL,KLGA,2023-03-09 14:55:00,2023-03-09 15:13:00,DAL,2023-03-09 09:55:00,2023-03-09 10:13:00,9.0,0.0,0.0,2023-03-09,14:55:00,2023-03-09,09:55:00,
DAL2614.SFO.LAX.230308.1630.0181.TFM,KSFO,KLAX,2023-03-09 17:44:00,2023-03-09 18:02:00,DAL,2023-03-09 12:44:00,2023-03-09 13:02:00,8.0,11.0,0.0,2023-03-09,17:44:00,2023-03-09,12:44:00,
DAL451.BOS.DFW.230308.1155.0046.TFM,KBOS,KDFW,2023-03-09 16:28:00,2023-03-09 16:34:00,DAL,2023-03-09 11:28:00,2023-03-09 11:34:00,4.0,1.0,0.0,2023-03-09,16:28:00,2023-03-09,11:28:00,
DAL871.SFO.ATL.230308.1615.0132.TFM,KSFO,KATL,2023-03-09 20:31:00,2023-03-09 20:44:00,DAL,2023-03-09 15:31:00,2023-03-09 15:44:00,0.0,11.0,0.0,2023-03-09,20:31:00,2023-03-09,15:31:00,
DAL747.SEA.JFK.230308.1515.0177.TFM,KSEA,KJFK,2023-03-09 20:14:00,2023-03-09 20:29:00,DAL,2023-03-09 15:14:00,2023-03-09 15:29:00,7.0,10.0,0.0,2023-03-09,20:14:00,2023-03-09,15:14:00,
DAL380.LAX.DCA.230308.1615.0166.TFM,KLAX,KDCA,2023-03-09 20:53:00,2023-03-09 21:19:00,DAL,2023-03-09 15:53:00,2023-03-09 16:19:00,3.0,8.0,0.0,2023-03-09,20:53:00,2023-03-09,15:53:00,
DAL968.DFW.JFK.230308.1850.0138.TFM,KDFW,KJFK,2023-03-09 22:33:00,2023-03-09 22:15:00,DAL,2023-03-09 17:33:00,2023-03-09 17:15:00,7.0,4.0,18.0,2023-03-09,22:33:00,2023-03-09,17:33:00,
DAL746.LGA.DFW.230308.1100.0094.TFM,KLGA,KDFW,2023-03-09 15:15:00,2023-03-09 15:11:00,DAL,2023-03-09 10:15:00,2023-03-09 10:11:00,4.0,9.0,0.0,2023-03-09,15:15:00,2023-03-09,10:15:00,
DAL2272.SFO.LAX.230308.2130.0108.TFM,KSFO,KLAX,2023-03-09 23:21:00,2023-03-09 22:59:00,DAL,2023-03-09 18:21:00,2023-03-09 17:59:00,8.0,11.0,22.0,2023-03-09,23:21:00,2023-03-09,18:21:00,
DAL961.ATL.DFW.230308.1435.0074.TFM,KATL,KDFW,2023-03-09 16:50:00,2023-03-09 17:03:00,DAL,2023-03-09 11:50:00,2023-03-09 12:03:00,4.0,0.0,0.0,2023-03-09,16:50:00,2023-03-09,11:50:00,
DAL823.ATL.SFO.230308.1845.0148.TFM,KATL,KSFO,2023-03-10 01:03:00,2023-03-10 00:10:00,DAL,2023-03-09 20:03:00,2023-03-09 19:10:00,11.0,0.0,53.0,2023-03-10,01:03:00,2023-03-09,20:03:00,
DAL410.DCA.ATL.230308.1300.0330.TFM,KDCA,KATL,2023-03-09 14:52:00,2023-03-09 14:55:00,DAL,2023-03-09 09:52:00,2023-03-09 09:55:00,0.0,3.0,0.0,2023-03-09,14:52:00,2023-03-09,09:52:00,
DAL375.ATL.BOS.230308.1615.0156.TFM,KATL,KBOS,2023-03-09 18:40:00,2023-03-09 18:51:00,DAL,2023-03-09 13:40:00,2023-03-09 13:51:00,1.0,0.0,0.0,2023-03-09,18:40:00,2023-03-09,13:40:00,
DAL446.ATL.LGA.230308.1830.0145.TFM,KATL,KLGA,2023-03-09 21:00:00,2023-03-09 20:42:00,DAL,2023-03-09 16:00:00,2023-03-09 15:42:00,9.0,0.0,18.0,2023-03-09,21:00:00,2023-03-09,16:00:00,
DAL2647.EWR.ATL.230308.2200.0235.TFM,KEWR,KATL,2023-03-10 00:14:00,2023-03-10 00:23:00,DAL,2023-03-09 19:14:00,2023-03-09 19:23:00,0.0,5.0,0.0,2023-03-10,00:14:00,2023-03-09,19:14:00,
DAL322.BOS.ATL.230308.2055.0129.TFM,KBOS,KATL,2023-03-09 23:37:00,2023-03-09 23:54:00,DAL,2023-03-09 18:37:00,2023-03-09 18:54:00,0.0,1.0,0.0,2023-03-09,23:37:00,2023-03-09,18:37:00,
DAL374.LAX.JFK.230308.2255.0075.TFM,KLAX,KJFK,2023-03-10 03:58:00,2023-03-10 04:14:00,DAL,2023-03-09 22:58:00,2023-03-09 23:14:00,7.0,8.0,0.0,2023-03-10,03:58:00,2023-03-09,22:58:00,
DAL949.SEA.ATL.230308.2315.0156.TFM,KSEA,KATL,2023-03-10 03:38:00,2023-03-10 04:00:00,DAL,2023-03-09 22:38:00,2023-03-09 23:00:00,0.0,10.0,0.0,2023-03-10,03:38:00,2023-03-09,22:38:00,
DAL737.LAX.BOS.230308.2025.0088.TFM,KLAX,KBOS,2023-03-10 01:47:00,2023-03-10 02:01:00,DAL,2023-03-09 20:47:00,2023-03-09 21:01:00,1.0,8.0,0.0,2023-03-10,01:47:00,2023-03-09,20:47:00,
DAL855.ATL.BOS.230308.1510.0069.TFM,KATL,KBOS,2023-03-09 17:40:00,2023-03-09 17:48:00,DAL,2023-03-09 12:40:00,2023-03-09 12:48:00,1.0,0.0,0.0,2023-03-09,17:40:00,2023-03-09,12:40:00,
DAL574.JFK.SEA.230308.2055.0150.TFM,KJFK,KSEA,2023-03-10 03:11:00,2023-03-10 03:00:00,DAL,2023-03-09 22:11:00,2023-03-09 22:00:00,10.0,7.0,0.0,2023-03-10,03:11:00,2023-03-09,22:11:00,
DAL916.ATL.SFO.230308.1320.0059.TFM,KATL,KSFO,2023-03-09 18:41:00,2023-03-09 18:58:00,DAL,2023-03-09 13:41:00,2023-03-09 13:58:00,11.0,0.0,0.0,2023-03-09,18:41:00,2023-03-09,13:41:00,
DAL327.ATL.BOS.230308.1205.0122.TFM,KATL,KBOS,2023-03-09 14:35:00,2023-03-09 14:41:00,DAL,2023-03-09 09:35:00,2023-03-09 09:41:00,1.0,0.0,0.0,2023-03-09,14:35:00,2023-03-09,09:35:00,
DAL2670.ATL.BWI.230308.1655.0095.TFM,KATL,KBWI,2023-03-09 18:30:00,2023-03-09 18:43:00,DAL,2023-03-09 13:30:00,2023-03-09 13:43:00,2.0,0.0,0.0,2023-03-09,18:30:00,2023-03-09,13:30:00,
DAL1045.LAX.SEA.230308.2030.0071.TFM,KLAX,KSEA,2023-03-09 23:14:00,2023-03-09 23:25:00,DAL,2023-03-09 18:14:00,2023-03-09 18:25:00,10.0,8.0,0.0,2023-03-09,23:14:00,2023-03-09,18:14:00,
DAL655.SEA.ATL.230308.1415.0137.TFM,KSEA,KATL,2023-03-09 18:45:00,2023-03-09 19:01:00,DAL,2023-03-09 13:45:00,2023-03-09 14:01:00,0.0,10.0,0.0,2023-03-09,18:45:00,2023-03-09,13:45:00,
DAL541.ATL.LGA.230308.2105.0151.TFM,KATL,KLGA,2023-03-09 23:53:00,2023-03-09 23:19:00,DAL,2023-03-09 18:53:00,2023-03-09 18:19:00,9.0,0.0,34.0,2023-03-09,23:53:00,2023-03-09,18:53:00,
DAL829.ATL.LAX.230308.1730.0211.TFM,KATL,KLAX,2023-03-09 22:25:00,2023-03-09 22:34:00,DAL,2023-03-09 17:25:00,2023-03-09 17:34:00,8.0,0.0,0.0,2023-03-09,22:25:00,2023-03-09,17:25:00,
DAL2639.ATL.EWR.230308.2225.0067.TFM,KATL,KEWR,2023-03-10 00:22:00,2023-03-10 00:35:00,DAL,2023-03-09 19:22:00,2023-03-09 19:35:00,5.0,0.0,0.0,2023-03-10,00:22:00,2023-03-09,19:22:00,
DAL419.ATL.LGA.230308.1930.0138.TFM,KATL,KLGA,2023-03-09 22:11:00,2023-03-09 21:43:00,DAL,2023-03-09 17:11:00,2023-03-09 16:43:00,9.0,0.0,28.0,2023-03-09,22:11:00,2023-03-09,17:11:00,
DAL1362.ATL.JFK.230308.2035.0153.TFM,KATL,KJFK,2023-03-09 23:19:00,2023-03-09 22:50:00,DAL,2023-03-09 18:19:00,2023-03-09 17:50:00,7.0,0.0,29.0,2023-03-09,23:19:00,2023-03-09,18:19:00,
DAL923.ATL.SFO.230308.2140.0059.TFM,KATL,KSFO,2023-03-10 04:00:00,2023-03-10 03:09:00,DAL,2023-03-09 23:00:00,2023-03-09 22:09:00,11.0,0.0,51.0,2023-03-10,04:00:00,2023-03-09,23:00:00,
DAL457.ATL.LAX.230308.1605.0128.TFM,KATL,KLAX,2023-03-09 20:51:00,2023-03-09 21:10:00,DAL,2023-03-09 15:51:00,2023-03-09 16:10:00,8.0,0.0,0.0,2023-03-09,20:51:00,2023-03-09,15:51:00,
DAL550.LGA.DFW.230308.1355.0025.TFM,KLGA,KDFW,2023-03-09 19:15:00,2023-03-09 18:18:00,DAL,2023-03-09 14:15:00,2023-03-09 13:18:00,4.0,9.0,57.0,2023-03-09,19:15:00,2023-03-09,14:15:00,
DAL972.DCA.ATL.230308.1200.0247.TFM,KDCA,KATL,2023-03-09 13:50:00,2023-03-09 13:57:00,DAL,2023-03-09 08:50:00,2023-03-09 08:57:00,0.0,3.0,0.0,2023-03-09,13:50:00,2023-03-09,08:50:00,
DAL665.ATL.DCA.230308.2115.0125.TFM,KATL,KDCA,2023-03-09 22:56:00,2023-03-09 22:57:00,DAL,2023-03-09 17:56:00,2023-03-09 17:57:00,3.0,0.0,0.0,2023-03-09,22:56:00,2023-03-09,17:56:00,
DAL2536.ATL.BWI.230308.2130.0088.TFM,KATL,KBWI,2023-03-09 23:03:00,2023-03-09 23:18:00,DAL,2023-03-09 18:03:00,2023-03-09 18:18:00,2.0,0.0,0.0,2023-03-09,23:03:00,2023-03-09,18:03:00,
DAL379.JFK.ATL.230308.2040.0081.TFM,KJFK,KATL,2023-03-09 22:54:00,2023-03-09 23:26:00,DAL,2023-03-09 17:54:00,2023-03-09 18:26:00,0.0,7.0,0.0,2023-03-09,22:54:00,2023-03-09,17:54:00,
DAL396.LGA.ATL.230308.1925.0025.TFM,KLGA,KATL,2023-03-09 22:01:00,2023-03-09 22:01:00,DAL,2023-03-09 17:01:00,2023-03-09 17:01:00,0.0,9.0,0.0,2023-03-09,22:01:00,2023-03-09,17:01:00,
DAL308.LAX.JFK.230308.1540.0078.TFM,KLAX,KJFK,2023-03-09 20:43:00,2023-03-09 21:01:00,DAL,2023-03-09 15:43:00,2023-03-09 16:01:00,7.0,8.0,0.0,2023-03-09,20:43:00,2023-03-09,15:43:00,
DAL2581.SFO.LAX.230308.1905.0058.TFM,KSFO,KLAX,2023-03-09 20:59:00,2023-03-09 20:43:00,DAL,2023-03-09 15:59:00,2023-03-09 15:43:00,8.0,11.0,16.0,2023-03-09,20:59:00,2023-03-09,15:59:00,
DAL482.JFK.LAX.230308.1355.0030.TFM,KJFK,KLAX,2023-03-09 20:36:00,2023-03-09 20:23:00,DAL,2023-03-09 15:36:00,2023-03-09 15:23:00,8.0,7.0,0.0,2023-03-09,20:36:00,2023-03-09,15:36:00,
DAL333.LGA.DFW.230308.2000.0191.TFM,KLGA,KDFW,2023-03-10 00:17:00,2023-03-10 00:16:00,DAL,2023-03-09 19:17:00,2023-03-09 19:16:00,4.0,9.0,0.0,2023-03-10,00:17:00,2023-03-09,19:17:00,
DAL1695.IAD.ATL.230308.2200.0104.TFM,KIAD,KATL,2023-03-09 23:36:00,2023-03-09 23:56:00,DAL,2023-03-09 18:36:00,2023-03-09 18:56:00,0.0,6.0,0.0,2023-03-09,23:36:00,2023-03-09,18:36:00,
DAL441.BOS.DFW.230308.1945.0091.TFM,KBOS,KDFW,2023-03-10 00:02:00,2023-03-10 00:14:00,DAL,2023-03-09 19:02:00,2023-03-09 19:14:00,4.0,1.0,0.0,2023-03-10,00:02:00,2023-03-09,19:02:00,
DAL967.DCA.ATL.230308.1410.0126.TFM,KDCA,KATL,2023-03-09 16:05:00,2023-03-09 16:13:00,DAL,2023-03-09 11:05:00,2023-03-09 11:13:00,0.0,3.0,0.0,2023-03-09,16:05:00,2023-03-09,11:05:00,
DAL791.LGA.DFW.230308.1655.0070.TFM,KLGA,KDFW,2023-03-09 21:01:00,2023-03-09 21:18:00,DAL,2023-03-09 16:01:00,2023-03-09 16:18:00,4.0,9.0,0.0,2023-03-09,21:01:00,2023-03-09,16:01:00,
DAL1507.LAX.SEA.230308.2330.0112.TFM,KLAX,KSEA,2023-03-10 02:17:00,2023-03-10 02:23:00,DAL,2023-03-09 21:17:00,2023-03-09 21:23:00,10.0,8.0,0.0,2023-03-10,02:17:00,2023-03-09,21:17:00,
DAL527.LAX.ATL.230308.1600.0232.TFM,KLAX,KATL,2023-03-09 20:07:00,2023-03-09 19:53:00,DAL,2023-03-09 15:07:00,2023-03-09 14:53:00,0.0,8.0,0.0,2023-03-09,20:07:00,2023-03-09,15:07:00,
DAL921.ATL.DFW.230308.2015.0104.TFM,KATL,KDFW,2023-03-09 22:56:00,2023-03-09 22:44:00,DAL,2023-03-09 17:56:00,2023-03-09 17:44:00,4.0,0.0,0.0,2023-03-09,22:56:00,2023-03-09,17:56:00,
DAL2614.LAX.SFO.230308.1400.0100.TFM,KLAX,KSFO,2023-03-09 15:42:00,2023-03-09 15:29:00,DAL,2023-03-09 10:42:00,2023-03-09 10:29:00,11.0,8.0,0.0,2023-03-09,15:42:00,2023-03-09,10:42:00,
DAL1088.LAX.SEA.230308.1450.0099.TFM,KLAX,KSEA,2023-03-09 17:19:00,2023-03-09 17:43:00,DAL,2023-03-09 12:19:00,2023-03-09 12:43:00,10.0,8.0,0.0,2023-03-09,17:19:00,2023-03-09,12:19:00,
DAL680.JFK.LAX.230308.2220.0077.TFM,KJFK,KLAX,2023-03-10 04:52:00,2023-03-10 04:38:00,DAL,2023-03-09 23:52:00,2023-03-09 23:38:00,8.0,7.0,0.0,2023-03-10,04:52:00,2023-03-09,23:52:00,
DAL876.ATL.LGA.230308.1605.0125.TFM,KATL,KLGA,2023-03-09 17:58:00,2023-03-09 18:15:00,DAL,2023-03-09 12:58:00,2023-03-09 13:15:00,9.0,0.0,0.0,2023-03-09,17:58:00,2023-03-09,12:58:00,
DAL1598.SEA.LAX.230308.1515.0176.TFM,KSEA,KLAX,2023-03-09 17:51:00,2023-03-09 18:00:00,DAL,2023-03-09 12:51:00,2023-03-09 13:00:00,8.0,10.0,0.0,2023-03-09,17:51:00,2023-03-09,12:51:00,
DAL2178.EWR.ATL.230308.1900.0053.TFM,KEWR,KATL,2023-03-09 21:01:00,2023-03-09 21:19:00,DAL,2023-03-09 16:01:00,2023-03-09 16:19:00,0.0,5.0,0.0,2023-03-09,21:01:00,2023-03-09,16:01:00,
DAL2590.BWI.ATL.230308.1540.0129.TFM,KBWI,KATL,2023-03-09 17:40:00,2023-03-09 17:33:00,DAL,2023-03-09 12:40:00,2023-03-09 12:33:00,0.0,2.0,0.0,2023-03-09,17:40:00,2023-03-09,12:40:00,
DAL330.DFW.JFK.230308.1355.0035.TFM,KDFW,KJFK,2023-03-09 17:17:00,2023-03-09 17:15:00,DAL,2023-03-09 12:17:00,2023-03-09 12:15:00,7.0,4.0,0.0,2023-03-09,17:17:00,2023-03-09,12:17:00,
DAL2752.ATL.BWI.230308.1930.0112.TFM,KATL,KBWI,2023-03-09 20:58:00,2023-03-09 21:15:00,DAL,2023-03-09 15:58:00,2023-03-09 16:15:00,2.0,0.0,0.0,2023-03-09,20:58:00,2023-03-09,15:58:00,
DAL386.SFO.BOS.230308.2200.0230.TFM,KSFO,KBOS,2023-03-10 03:20:00,2023-03-10 03:52:00,DAL,2023-03-09 22:20:00,2023-03-09 22:52:00,1.0,11.0,0.0,2023-03-10,03:20:00,2023-03-09,22:20:00,
DAL501.ATL.LAX.230308.1445.0100.TFM,KATL,KLAX,2023-03-09 19:40:00,2023-03-09 19:50:00,DAL,2023-03-09 14:40:00,2023-03-09 14:50:00,8.0,0.0,0.0,2023-03-09,19:40:00,2023-03-09,14:40:00,
DAL759.ATL.DCA.230308.1720.0112.TFM,KATL,KDCA,2023-03-09 18:44:00,2023-03-09 19:00:00,DAL,2023-03-09 13:44:00,2023-03-09 14:00:00,3.0,0.0,0.0,2023-03-09,18:44:00,2023-03-09,13:44:00,
DAL352.LAX.ATL.230308.0800.0046.TFM,KLAX,KATL,2023-03-09 12:22:00,2023-03-09 12:10:00,DAL,2023-03-09 07:22:00,2023-03-09 07:10:00,0.0,8.0,0.0,2023-03-09,12:22:00,2023-03-09,07:22:00,
DAL898.ATL.LAX.230308.1315.0094.TFM,KATL,KLAX,2023-03-09 18:05:00,2023-03-09 18:25:00,DAL,2023-03-09 13:05:00,2023-03-09 13:25:00,8.0,0.0,0.0,2023-03-09,18:05:00,2023-03-09,13:05:00,
DAL323.JFK.SFO.230308.0240.0032.TFM,KJFK,KSFO,2023-03-09 09:13:00,2023-03-09 09:27:00,DAL,2023-03-09 04:13:00,2023-03-09 04:27:00,11.0,7.0,0.0,2023-03-09,09:13:00,2023-03-09,04:13:00,
